post_id,game_title,containsSpoilers,isReview,firstTime
post_881,Palworld,true,true,true
post_564,Elden Ring,true,true,false
post_391,Apex Legends,false,true,false
post_438,Helldivers 2,false,false,true
post_439,Palworld,true,true,true
post_418,Valorant,false,true,true
post_1469,Grand Theft Auto V,false,false,false
post_275,Grand Theft Auto V,false,true,false
post_1248,Elden Ring,false,false,true
post_813,Grand Theft Auto V,false,true,true
post_96,Elden Ring,true,false,true
post_1195,Hades,false,false,true
post_704,Counter-Strike 2,false,true,true
post_1268,Valorant,true,false,false
post_1377,Hades,false,false,false
post_1820,League of Legends,true,true,true
post_762,Overwatch 2,true,true,false
post_406,Red Dead Redemption 2,true,false,false
post_155,Baldur's Gate 3,true,false,true
post_347,Fortnite,false,false,false
post_735,The Witcher 3: Wild Hunt,false,false,true
post_479,Valorant,true,true,false
post_1539,Palworld,true,true,false
post_1939,Overwatch 2,true,false,false
post_1136,League of Legends,true,false,true
post_388,Hollow Knight,false,true,false
post_765,League of Legends,true,false,true
post_621,Baldur's Gate 3,false,false,false
post_13,Valorant,true,true,false
post_849,Apex Legends,false,false,true
post_230,League of Legends,false,true,false
post_1867,League of Legends,true,false,true
post_1646,Grand Theft Auto V,true,false,false
post_63,Hades,true,false,true
post_980,Apex Legends,true,false,true
post_582,The Witcher 3: Wild Hunt,true,true,false
post_337,Counter-Strike 2,false,true,false
post_78,Super Mario Odyssey,false,false,false
post_810,Cyberpunk 2077,false,true,false
post_1599,Apex Legends,true,true,true
post_127,Red Dead Redemption 2,true,false,false
post_1583,Palworld,true,false,true
post_1991,Palworld,false,false,false
post_1588,Helldivers 2,true,true,false
post_1846,Fortnite,false,false,false
post_587,Elden Ring,false,false,true
post_1865,Super Mario Odyssey,false,true,false
post_1754,Stardew Valley,true,true,false
post_1113,The Legend of Zelda: Tears of the Kingdom,true,false,true
post_98,League of Legends,true,true,false
post_78,Fortnite,false,true,false
post_894,League of Legends,false,false,false
post_342,Apex Legends,false,true,true
post_1295,Overwatch 2,true,false,false
post_1135,Valorant,true,false,false
post_391,Baldur's Gate 3,true,false,false
post_291,Super Mario Odyssey,false,true,true
post_682,Stardew Valley,false,false,false
post_429,Super Mario Odyssey,false,true,true
post_1215,Palworld,true,false,true
post_1707,Super Mario Odyssey,false,false,true
post_201,Fortnite,true,true,false
post_1907,The Witcher 3: Wild Hunt,true,false,true
post_1404,Hollow Knight,false,false,true
post_1266,Valorant,false,false,false
post_558,Grand Theft Auto V,false,true,true
post_250,Stardew Valley,false,false,false
post_398,Baldur's Gate 3,true,false,false
post_1999,The Legend of Zelda: Tears of the Kingdom,true,false,true
post_773,Stardew Valley,false,true,false
post_1548,Hollow Knight,true,false,true
post_1369,Palworld,true,true,false
post_1061,The Witcher 3: Wild Hunt,false,true,false
post_231,Baldur's Gate 3,true,false,true
post_1602,Cyberpunk 2077,false,false,true
post_863,League of Legends,false,true,false
post_406,Hades,true,true,true
post_801,Minecraft,true,false,false
post_1356,Elden Ring,false,false,false
post_217,Overwatch 2,true,true,true
post_1026,Super Mario Odyssey,false,true,true
post_597,Apex Legends,true,false,false
post_1628,Fortnite,false,false,true
post_110,Super Mario Odyssey,true,false,true
post_1365,Palworld,false,true,true
post_344,Cyberpunk 2077,false,false,false
post_613,Stardew Valley,false,false,false
post_94,The Legend of Zelda: Tears of the Kingdom,true,true,false
post_137,Helldivers 2,false,false,false
post_1043,Super Mario Odyssey,false,false,false
post_206,Fortnite,true,true,false
post_559,The Legend of Zelda: Tears of the Kingdom,true,false,true
post_379,Apex Legends,false,true,false
post_1608,Grand Theft Auto V,true,true,true
post_1524,Valorant,true,true,true
post_846,Hades,true,true,true
post_1064,Hollow Knight,false,false,true
post_670,League of Legends,false,false,true
post_562,Stardew Valley,false,true,true
post_1488,Red Dead Redemption 2,true,false,true
post_108,Stardew Valley,false,true,true
post_562,Baldur's Gate 3,true,true,true
post_211,Minecraft,false,true,false
post_1156,Hollow Knight,false,false,false
post_1636,Red Dead Redemption 2,true,true,true
post_1585,Apex Legends,false,false,true
post_83,Overwatch 2,false,false,true
post_476,The Legend of Zelda: Tears of the Kingdom,false,true,false
post_901,The Legend of Zelda: Tears of the Kingdom,false,false,true
post_41,Red Dead Redemption 2,false,false,false
post_45,Fortnite,true,true,false
post_850,Baldur's Gate 3,false,true,false
post_1713,League of Legends,true,true,false
post_1068,Helldivers 2,false,false,true
post_1137,The Witcher 3: Wild Hunt,false,true,true
post_331,Palworld,false,true,true
post_667,Palworld,true,false,true
post_944,Valorant,true,false,true
post_932,Minecraft,true,false,false
post_1775,The Witcher 3: Wild Hunt,false,true,false
post_1700,Apex Legends,true,false,false
post_1577,Counter-Strike 2,true,true,true
post_1880,Grand Theft Auto V,true,false,false
post_1007,The Legend of Zelda: Tears of the Kingdom,true,true,false
post_527,Cyberpunk 2077,false,true,true
post_1429,Elden Ring,false,false,false
post_764,Baldur's Gate 3,false,true,true
post_216,Valorant,true,true,true
post_1823,Hades,false,false,true
post_1713,Super Mario Odyssey,true,true,true
post_58,Hollow Knight,false,true,true
post_437,Stardew Valley,true,false,false
post_148,Valorant,true,false,true
post_851,The Legend of Zelda: Tears of the Kingdom,true,false,true
post_367,Minecraft,false,true,true
post_253,The Legend of Zelda: Tears of the Kingdom,true,false,true
post_143,Elden Ring,false,false,false
post_129,Overwatch 2,true,false,true
post_1791,League of Legends,false,false,true
post_69,Super Mario Odyssey,false,true,false
post_1193,Palworld,true,false,true
post_826,Hollow Knight,true,false,true
post_1914,Minecraft,true,true,false
post_1694,Palworld,false,true,false
post_1308,Palworld,true,false,false
post_1447,League of Legends,true,false,true
post_1985,Grand Theft Auto V,false,true,true
post_1202,League of Legends,true,true,true
post_107,Red Dead Redemption 2,true,false,false
post_1642,Cyberpunk 2077,true,false,true
post_1059,The Legend of Zelda: Tears of the Kingdom,true,false,false
post_629,Cyberpunk 2077,true,true,true
post_315,Fortnite,true,true,true
post_1,League of Legends,true,true,true
post_1601,Palworld,true,false,true
post_67,Helldivers 2,false,false,false
post_209,Counter-Strike 2,false,true,true
post_105,Grand Theft Auto V,true,true,false
post_1896,Grand Theft Auto V,false,true,true
post_1632,Hollow Knight,false,true,true
post_159,The Witcher 3: Wild Hunt,false,true,false
post_784,The Witcher 3: Wild Hunt,true,true,true
post_834,Elden Ring,true,false,true
post_1320,Cyberpunk 2077,true,false,true
post_1790,Valorant,false,true,true
post_594,Minecraft,false,false,true
post_796,Valorant,false,true,true
post_1711,League of Legends,true,true,false
post_328,Super Mario Odyssey,false,false,false
post_825,Red Dead Redemption 2,true,true,true
post_1597,Palworld,false,false,false
post_1008,Helldivers 2,true,false,false
post_591,Hades,true,true,false
post_284,Minecraft,false,false,true
post_1877,Helldivers 2,true,true,true
post_1448,Red Dead Redemption 2,false,true,false
post_60,Baldur's Gate 3,false,true,false
post_1293,Minecraft,true,true,true
post_1828,Stardew Valley,false,true,false
post_1652,The Witcher 3: Wild Hunt,true,false,true
post_1388,Valorant,false,true,false
post_672,Palworld,true,false,true
post_1713,Red Dead Redemption 2,true,false,true
post_1338,Helldivers 2,false,true,true
post_714,Super Mario Odyssey,false,false,true
post_1552,Fortnite,false,true,true
post_182,Overwatch 2,true,true,false
post_1125,Overwatch 2,true,false,true
post_1837,Hollow Knight,false,false,false
post_1896,Stardew Valley,true,true,true
post_1007,Red Dead Redemption 2,true,true,false
post_1829,Helldivers 2,true,true,false
post_1508,Stardew Valley,false,false,true
post_1515,Cyberpunk 2077,true,false,true
post_1616,Counter-Strike 2,true,false,false
post_1843,Super Mario Odyssey,true,true,false
post_1804,Red Dead Redemption 2,true,false,true
post_906,Helldivers 2,false,false,true
post_569,Valorant,true,true,true
post_1250,Palworld,true,true,true
post_385,League of Legends,false,true,false
post_667,Hades,true,true,false
post_1467,Hades,true,true,true
post_44,Overwatch 2,true,true,false
post_381,Super Mario Odyssey,false,true,true
post_993,Minecraft,true,false,false
post_211,Helldivers 2,true,true,true
post_51,Overwatch 2,true,false,false
post_1842,Minecraft,true,false,true
post_1661,Grand Theft Auto V,true,true,false
post_940,Valorant,true,true,true
post_89,Fortnite,true,false,true
post_1140,Palworld,true,false,true
post_735,Hades,true,true,true
post_1934,Overwatch 2,true,true,false
post_1566,Palworld,false,true,true
post_1135,Minecraft,true,true,true
post_164,The Legend of Zelda: Tears of the Kingdom,false,false,true
post_1992,Minecraft,true,false,true
post_810,Apex Legends,true,true,true
post_881,Hollow Knight,true,true,true
post_1167,Hades,true,true,true
post_1113,Hades,false,false,false
post_1084,The Witcher 3: Wild Hunt,false,false,false
post_1604,Cyberpunk 2077,true,false,false
post_1965,Baldur's Gate 3,true,true,true
post_541,Helldivers 2,true,true,false
post_1322,Cyberpunk 2077,false,false,true
post_113,The Witcher 3: Wild Hunt,true,false,false
post_1571,Valorant,true,false,false
post_1793,The Witcher 3: Wild Hunt,true,false,true
post_1256,Fortnite,true,false,true
post_1848,Helldivers 2,false,false,true
post_115,Overwatch 2,true,false,false
post_477,Palworld,true,true,false
post_363,Super Mario Odyssey,false,true,true
post_854,Palworld,false,false,true
post_591,Baldur's Gate 3,false,true,false
post_1408,Super Mario Odyssey,false,true,true
post_930,Grand Theft Auto V,true,false,false
post_1580,Hades,false,true,true
post_1647,Hades,true,false,true
post_1489,The Legend of Zelda: Tears of the Kingdom,false,true,false
post_67,Hades,true,true,false
post_856,Fortnite,true,true,true
post_1833,Apex Legends,true,true,true
post_929,Overwatch 2,false,false,true
post_1675,Elden Ring,true,true,false
post_1200,Valorant,false,false,false
post_470,Baldur's Gate 3,false,true,true
post_1293,League of Legends,false,true,false
post_667,The Witcher 3: Wild Hunt,false,true,true
post_1665,Counter-Strike 2,false,true,true
post_1504,Hollow Knight,false,true,true
post_606,Fortnite,false,true,false
post_762,Counter-Strike 2,true,false,false
post_1687,The Legend of Zelda: Tears of the Kingdom,true,true,false
post_1962,Counter-Strike 2,true,true,true
post_460,Palworld,false,true,true
post_382,Stardew Valley,false,false,false
post_1636,Stardew Valley,false,true,false
post_1987,The Legend of Zelda: Tears of the Kingdom,true,true,true
post_770,Baldur's Gate 3,true,false,false
post_1421,Super Mario Odyssey,false,false,true
post_483,Fortnite,false,true,true
post_1088,Valorant,true,true,true
post_1653,Valorant,true,false,true
post_1508,Stardew Valley,true,true,true
post_1440,Elden Ring,true,true,false
post_1195,Baldur's Gate 3,true,false,true
post_768,The Legend of Zelda: Tears of the Kingdom,true,false,true
post_668,Stardew Valley,false,false,false
post_1758,Apex Legends,false,true,true
post_1569,Counter-Strike 2,false,true,false
post_217,Hades,false,false,true
post_720,Elden Ring,false,true,false
post_1579,Hades,true,false,true
post_399,Apex Legends,true,false,true
post_1096,Counter-Strike 2,false,false,false
post_1185,Red Dead Redemption 2,false,false,false
post_259,Grand Theft Auto V,false,true,true
post_571,Overwatch 2,true,false,true
post_1889,Hades,true,false,true
post_1561,Hollow Knight,false,false,true
post_26,Minecraft,true,true,true
post_1776,Hollow Knight,true,true,true
post_726,Super Mario Odyssey,false,false,true
post_1242,Stardew Valley,false,true,true
post_146,Super Mario Odyssey,false,true,true
post_1527,Counter-Strike 2,false,false,true
post_1320,Counter-Strike 2,false,false,true
post_1300,Grand Theft Auto V,true,true,true
post_712,Super Mario Odyssey,false,false,false
post_1088,Grand Theft Auto V,true,true,true
post_474,Hollow Knight,false,true,false
post_681,Grand Theft Auto V,true,true,false
post_359,Baldur's Gate 3,false,true,true
post_533,Grand Theft Auto V,true,false,false
post_743,Palworld,false,false,true
post_354,Valorant,true,false,true
post_889,Stardew Valley,true,false,true
post_1149,Apex Legends,false,true,false
post_1411,Minecraft,false,true,false
post_317,Baldur's Gate 3,false,true,true
post_1673,Minecraft,false,false,true
post_215,League of Legends,true,true,false
post_711,Fortnite,true,false,false
post_474,Red Dead Redemption 2,true,true,false
post_430,Super Mario Odyssey,true,false,true
post_1540,Minecraft,true,true,false
post_698,Hollow Knight,true,false,false
post_922,Grand Theft Auto V,false,true,false
post_343,Hollow Knight,false,false,true
post_1874,Fortnite,false,false,true
post_636,Elden Ring,false,true,false
post_1486,Apex Legends,true,true,false
post_1983,Overwatch 2,true,false,false
post_48,Red Dead Redemption 2,false,false,true
post_1263,Hollow Knight,true,false,true
post_239,Helldivers 2,false,false,true
post_1855,Valorant,false,false,true
post_167,Super Mario Odyssey,true,false,true
post_1940,The Legend of Zelda: Tears of the Kingdom,false,true,false
post_647,Cyberpunk 2077,true,false,true
post_1594,Counter-Strike 2,true,false,true
post_443,League of Legends,true,true,false
post_1719,Minecraft,false,false,true
post_718,Palworld,true,false,false
post_555,Helldivers 2,false,false,true
post_1579,Elden Ring,false,false,false
post_1742,Valorant,true,true,false
post_170,Apex Legends,true,true,false
post_1055,Elden Ring,true,true,false
post_1098,The Legend of Zelda: Tears of the Kingdom,true,false,true
post_216,Helldivers 2,false,true,true
post_1970,The Legend of Zelda: Tears of the Kingdom,false,false,false
post_734,Baldur's Gate 3,false,true,true
post_96,Palworld,false,false,false
post_1135,Super Mario Odyssey,true,false,false
post_1839,Valorant,true,true,false
post_325,Red Dead Redemption 2,false,false,false
post_65,Apex Legends,true,false,true
post_1368,Apex Legends,false,true,false
post_1627,Palworld,true,true,false
post_347,The Legend of Zelda: Tears of the Kingdom,false,false,false
post_813,The Legend of Zelda: Tears of the Kingdom,true,false,true
post_1170,Minecraft,true,true,false
post_1906,Fortnite,false,true,false
post_30,Stardew Valley,true,true,true
post_550,The Witcher 3: Wild Hunt,false,false,true
post_1486,Overwatch 2,true,true,true
post_1886,Super Mario Odyssey,true,true,false
post_52,Valorant,true,true,true
post_1252,Apex Legends,true,true,false
post_1906,Apex Legends,true,false,true
post_223,Hollow Knight,false,true,true
post_1581,The Legend of Zelda: Tears of the Kingdom,true,false,false
post_1283,The Legend of Zelda: Tears of the Kingdom,false,true,false
post_776,The Witcher 3: Wild Hunt,false,false,false
post_1181,Valorant,false,true,true
post_895,Overwatch 2,false,true,false
post_986,Valorant,true,false,true
post_4,Grand Theft Auto V,false,false,true
post_1806,Stardew Valley,true,true,true
post_1703,Palworld,false,true,false
post_1969,Palworld,true,true,true
post_124,Red Dead Redemption 2,false,true,false
post_1404,Valorant,false,false,true
post_1575,Minecraft,false,false,true
post_1516,Fortnite,true,false,true
post_855,Fortnite,false,false,false
post_681,Helldivers 2,true,false,true
post_4,Fortnite,true,false,true
post_1468,Palworld,true,false,false
post_43,The Legend of Zelda: Tears of the Kingdom,true,true,false
post_1360,Overwatch 2,true,false,true
post_740,The Witcher 3: Wild Hunt,false,true,true
post_1156,Palworld,true,false,true
post_807,Cyberpunk 2077,true,true,true
post_712,Palworld,true,false,false
post_116,Palworld,false,true,false
post_931,Minecraft,false,true,false
post_654,Elden Ring,true,true,true
post_1794,Hollow Knight,true,true,true
post_623,The Witcher 3: Wild Hunt,true,true,true
post_1089,Valorant,true,false,true
post_1787,Overwatch 2,false,true,true
post_1253,Hollow Knight,false,true,false
post_1828,Elden Ring,false,true,false
post_162,Stardew Valley,true,true,false
post_1527,Helldivers 2,false,true,false
post_1672,Hades,true,true,true
post_26,League of Legends,true,false,false
post_514,Valorant,true,true,false
post_1178,Cyberpunk 2077,true,true,true
post_1817,Fortnite,true,true,false
post_518,Baldur's Gate 3,true,true,false
post_910,Grand Theft Auto V,false,true,false
post_1446,League of Legends,false,true,true
post_486,The Legend of Zelda: Tears of the Kingdom,false,true,false
post_1427,Super Mario Odyssey,false,true,false
post_628,Counter-Strike 2,true,false,true
post_3,Baldur's Gate 3,true,false,true
post_1964,Grand Theft Auto V,false,false,false
post_15,Grand Theft Auto V,true,true,true
post_1194,Helldivers 2,true,false,true
post_918,Grand Theft Auto V,true,false,true
post_1082,Red Dead Redemption 2,false,true,false
post_1759,Fortnite,true,false,true
post_476,Baldur's Gate 3,true,false,true
post_107,Hollow Knight,false,true,true
post_1489,Grand Theft Auto V,false,false,false
post_727,Fortnite,true,true,true
post_947,Baldur's Gate 3,true,true,false
post_49,League of Legends,true,false,false
post_1068,Elden Ring,false,true,false
post_1159,Overwatch 2,true,true,false
post_431,Baldur's Gate 3,true,false,false
post_1127,Helldivers 2,false,false,true
post_98,Counter-Strike 2,false,false,false
post_1356,Minecraft,true,false,true
post_611,Grand Theft Auto V,true,true,false
post_1051,Stardew Valley,false,false,false
post_94,The Legend of Zelda: Tears of the Kingdom,false,true,false
post_1931,The Witcher 3: Wild Hunt,false,false,false
post_832,Hollow Knight,true,false,false
post_256,Overwatch 2,false,false,false
post_713,Super Mario Odyssey,false,true,false
post_747,Elden Ring,false,false,false
post_1722,Minecraft,false,true,false
post_304,League of Legends,true,false,true
post_1716,Hades,true,false,true
post_940,Hades,false,false,true
post_953,Hades,false,false,false
post_468,Apex Legends,false,true,false
post_1065,Cyberpunk 2077,false,false,true
post_402,Palworld,true,false,true
post_891,Hades,true,true,true
post_833,Minecraft,true,true,true
post_1249,League of Legends,true,false,false
post_1064,Hades,false,true,false
post_1178,Red Dead Redemption 2,true,true,false
post_1379,Minecraft,false,false,false
post_908,Grand Theft Auto V,true,false,true
post_1113,Baldur's Gate 3,false,true,true
post_1076,The Legend of Zelda: Tears of the Kingdom,false,false,true
post_871,Overwatch 2,false,false,false
post_1542,Apex Legends,true,false,false
post_1694,Grand Theft Auto V,false,true,false
post_1492,Apex Legends,true,false,true
post_176,Stardew Valley,true,true,true
post_1537,Overwatch 2,false,true,false
post_1881,Hades,false,true,true
post_466,Stardew Valley,false,true,false
post_1562,Hades,false,false,false
post_64,Palworld,false,true,true
post_1677,Hollow Knight,false,false,false
post_1434,The Witcher 3: Wild Hunt,false,true,false
post_953,Hollow Knight,false,false,true
post_1582,Grand Theft Auto V,false,false,true
post_1769,Fortnite,true,false,true
post_306,Counter-Strike 2,true,false,true
post_1186,Minecraft,false,true,true
post_1627,Hollow Knight,false,false,true
post_247,Hades,false,true,false
post_1689,Fortnite,true,false,false
post_421,Hollow Knight,false,false,true
post_1385,Valorant,false,true,true
post_1656,Red Dead Redemption 2,false,false,false
post_1477,Super Mario Odyssey,true,false,false
post_628,Apex Legends,true,false,false
post_1427,Cyberpunk 2077,true,true,true
post_736,Apex Legends,true,false,false
post_647,Palworld,false,false,false
post_362,Stardew Valley,true,false,false
post_596,The Legend of Zelda: Tears of the Kingdom,true,false,false
post_1360,Hollow Knight,false,true,true
post_1103,Apex Legends,false,false,true
post_232,Counter-Strike 2,false,false,true
post_863,Fortnite,false,true,false
post_708,Baldur's Gate 3,false,false,false
post_1470,Apex Legends,true,false,false
post_575,Hades,true,true,true
post_250,Elden Ring,true,true,false
post_1973,Counter-Strike 2,false,false,false
post_1666,Red Dead Redemption 2,true,false,false
post_1775,League of Legends,true,true,false
post_1129,Grand Theft Auto V,true,true,false
post_387,Hades,false,true,false
post_1793,Grand Theft Auto V,false,false,true
post_1054,Grand Theft Auto V,false,true,true
post_882,Helldivers 2,true,true,false
post_1135,The Witcher 3: Wild Hunt,false,false,true
post_622,Red Dead Redemption 2,false,true,false
post_123,Cyberpunk 2077,false,true,true
post_581,Red Dead Redemption 2,false,false,false
post_1157,Super Mario Odyssey,true,false,true
post_1346,Baldur's Gate 3,true,false,false
post_418,Hades,false,true,false
post_1463,Cyberpunk 2077,false,true,false
post_677,Palworld,false,false,false
post_1439,Fortnite,true,false,true
post_1169,The Legend of Zelda: Tears of the Kingdom,true,false,false
post_712,The Legend of Zelda: Tears of the Kingdom,true,true,false
post_361,Baldur's Gate 3,true,false,true
post_864,Elden Ring,false,true,false
post_996,Minecraft,true,true,false
post_65,Helldivers 2,true,false,true
post_322,Grand Theft Auto V,false,true,true
post_1881,Stardew Valley,true,false,false
post_1162,Red Dead Redemption 2,true,false,true
post_1060,Baldur's Gate 3,false,true,true
post_1931,Minecraft,false,false,false
post_102,Overwatch 2,true,false,false
post_171,League of Legends,true,true,true
post_779,Grand Theft Auto V,false,true,false
post_297,Grand Theft Auto V,false,true,true
post_961,Red Dead Redemption 2,false,false,false
post_827,The Witcher 3: Wild Hunt,false,true,false
post_1099,Palworld,false,true,false
post_698,The Witcher 3: Wild Hunt,false,false,true
post_660,Fortnite,true,true,false
post_422,Elden Ring,false,true,false
post_461,Elden Ring,true,true,false
post_1119,Apex Legends,false,true,true
post_1338,Stardew Valley,true,true,true
post_968,Helldivers 2,true,false,false
post_787,Minecraft,false,true,false
post_1998,Hollow Knight,true,false,true
post_1460,Counter-Strike 2,false,true,false
post_1970,Hollow Knight,true,true,true
post_1794,Elden Ring,false,true,true
post_1706,Minecraft,false,false,false
post_509,The Witcher 3: Wild Hunt,false,false,false
post_1736,Red Dead Redemption 2,false,true,true
post_1605,Red Dead Redemption 2,true,false,false
post_1174,Fortnite,true,false,false
post_1458,Hades,true,false,false
post_1021,Elden Ring,false,true,true
post_1222,Fortnite,true,true,false
post_544,Hollow Knight,true,true,true
post_1567,The Witcher 3: Wild Hunt,false,true,true
post_400,Helldivers 2,true,false,true
post_1510,Minecraft,true,false,true
post_44,The Legend of Zelda: Tears of the Kingdom,true,false,false
post_1920,Super Mario Odyssey,true,true,false
post_208,Cyberpunk 2077,true,true,true
post_1710,Cyberpunk 2077,false,true,true
post_930,Hades,true,true,true
post_251,Elden Ring,false,false,true
post_1549,The Witcher 3: Wild Hunt,true,true,false
post_1869,Apex Legends,true,true,true
post_1492,Cyberpunk 2077,false,false,false
post_1205,Elden Ring,true,false,false
post_1735,Apex Legends,false,true,false
post_1224,Baldur's Gate 3,true,true,false
post_580,Overwatch 2,false,false,false
post_894,Minecraft,false,false,true
post_865,The Legend of Zelda: Tears of the Kingdom,false,false,true
post_1015,Helldivers 2,true,true,false
post_493,Counter-Strike 2,true,false,false
post_239,Red Dead Redemption 2,true,false,false
post_1295,Baldur's Gate 3,false,false,false
post_1777,Counter-Strike 2,true,true,true
post_950,Counter-Strike 2,true,true,true
post_1134,Red Dead Redemption 2,true,true,false
post_292,Hades,false,true,false
post_169,Apex Legends,false,false,true
post_692,Hades,true,false,true
post_399,Minecraft,true,false,false
post_232,Valorant,false,true,true
post_1423,Super Mario Odyssey,false,true,true
post_619,The Witcher 3: Wild Hunt,true,false,false
post_323,Counter-Strike 2,false,true,false
post_1975,Red Dead Redemption 2,false,false,false
post_1718,Minecraft,true,true,true
post_1891,Red Dead Redemption 2,true,true,true
post_1497,Apex Legends,true,false,true
post_1823,Cyberpunk 2077,true,true,true
post_943,Apex Legends,true,true,true
post_826,Elden Ring,true,false,false
post_545,Palworld,true,false,false
post_1957,Fortnite,true,false,true
post_965,Super Mario Odyssey,true,false,false
post_816,Elden Ring,false,true,false
post_1370,Overwatch 2,false,true,true
post_1504,Counter-Strike 2,false,true,true
post_21,Counter-Strike 2,true,true,false
post_1382,Hollow Knight,false,false,true
post_1719,The Legend of Zelda: Tears of the Kingdom,false,true,true
post_1023,The Witcher 3: Wild Hunt,true,false,false
post_835,Baldur's Gate 3,true,false,false
post_1384,Stardew Valley,false,false,false
post_1400,Palworld,false,false,false
post_1621,The Legend of Zelda: Tears of the Kingdom,true,false,true
post_132,Cyberpunk 2077,true,true,false
post_1528,Apex Legends,false,true,true
post_125,The Legend of Zelda: Tears of the Kingdom,false,true,false
post_1385,Palworld,false,false,true
post_1878,The Legend of Zelda: Tears of the Kingdom,false,true,false
post_1847,Palworld,false,true,false
post_1888,Red Dead Redemption 2,true,true,true
post_598,Counter-Strike 2,false,false,false
post_953,Baldur's Gate 3,true,false,false
post_82,The Legend of Zelda: Tears of the Kingdom,false,false,true
post_1424,Overwatch 2,false,false,true
post_401,Stardew Valley,true,false,true
post_1959,Red Dead Redemption 2,false,true,false
post_1397,Grand Theft Auto V,true,true,true
post_25,Hollow Knight,false,true,false
post_79,Super Mario Odyssey,true,true,false
post_1061,Grand Theft Auto V,false,false,false
post_566,Hollow Knight,false,false,false
post_1038,Fortnite,false,true,false
post_1240,The Legend of Zelda: Tears of the Kingdom,true,true,false
post_896,Palworld,true,false,true
post_1460,Helldivers 2,true,false,false
post_1189,Elden Ring,true,false,false
post_541,Fortnite,true,true,false
post_390,Grand Theft Auto V,true,false,false
post_1916,League of Legends,true,true,true
post_1609,Helldivers 2,true,false,false
post_433,Apex Legends,true,false,true
post_1266,Super Mario Odyssey,true,true,false
post_1571,Super Mario Odyssey,true,false,false
post_1688,Super Mario Odyssey,false,true,false
post_184,Overwatch 2,false,false,false
post_1437,Grand Theft Auto V,true,true,true
post_1048,Super Mario Odyssey,true,false,false
post_546,Stardew Valley,false,false,true
post_742,Minecraft,false,false,true
post_1161,Minecraft,true,true,false
post_95,Elden Ring,false,true,true
post_317,The Witcher 3: Wild Hunt,true,true,true
post_676,Red Dead Redemption 2,true,false,false
post_1041,Hollow Knight,true,false,true
post_588,Apex Legends,false,false,false
post_1929,The Legend of Zelda: Tears of the Kingdom,true,true,false
post_915,Fortnite,false,true,false
post_1293,Hades,false,false,true
post_1811,Valorant,false,false,true
post_1394,Palworld,true,false,true
post_527,Valorant,true,true,false
post_1782,Fortnite,false,true,true
post_1301,Overwatch 2,true,true,true
post_193,Overwatch 2,true,true,true
post_1458,Super Mario Odyssey,true,false,true
post_1693,Stardew Valley,false,true,false
post_1846,Counter-Strike 2,true,true,false
post_780,Hollow Knight,true,false,false
post_342,Helldivers 2,false,true,false
post_995,Cyberpunk 2077,false,true,true
post_812,League of Legends,false,true,true
post_1970,Fortnite,true,true,true
post_1422,Overwatch 2,true,true,true
post_435,Counter-Strike 2,true,true,true
post_1592,Super Mario Odyssey,true,false,true
post_755,Fortnite,true,false,true
post_1368,Hollow Knight,true,false,false
post_1583,Minecraft,false,false,true
post_58,Stardew Valley,false,false,false
post_439,Hades,true,true,true
post_1503,Red Dead Redemption 2,true,true,true
post_848,Counter-Strike 2,false,true,false
post_367,The Witcher 3: Wild Hunt,true,false,false
post_180,Cyberpunk 2077,false,false,false
post_31,Red Dead Redemption 2,true,false,true
post_1085,Apex Legends,true,true,false
post_1859,Super Mario Odyssey,false,true,false
post_1577,Helldivers 2,false,true,true
post_23,Cyberpunk 2077,true,true,true
post_1104,Palworld,true,false,true
post_952,Stardew Valley,true,true,false
post_1059,The Witcher 3: Wild Hunt,false,true,true
post_884,Super Mario Odyssey,true,false,true
post_1258,Cyberpunk 2077,false,false,true
post_1362,Cyberpunk 2077,true,true,true
post_919,Grand Theft Auto V,true,true,true
post_1603,Helldivers 2,false,true,false
post_943,Elden Ring,false,true,false
post_791,The Witcher 3: Wild Hunt,true,false,false
post_931,Elden Ring,true,true,true
post_1021,Overwatch 2,false,true,true
post_951,The Legend of Zelda: Tears of the Kingdom,false,true,false
post_1501,Fortnite,false,true,false
post_57,League of Legends,true,true,false
post_1174,Stardew Valley,true,true,false
post_1630,Helldivers 2,false,false,false
post_1369,Apex Legends,true,true,false
post_1003,The Witcher 3: Wild Hunt,true,true,true
post_1343,Overwatch 2,true,true,true
post_501,Helldivers 2,false,true,false
post_1824,Minecraft,false,true,true
post_1336,Valorant,false,true,true
post_1884,The Witcher 3: Wild Hunt,false,false,false
post_1121,Counter-Strike 2,true,false,true
post_1679,Fortnite,false,true,true
post_642,Counter-Strike 2,true,false,true
post_1358,Cyberpunk 2077,true,true,false
post_392,The Legend of Zelda: Tears of the Kingdom,false,true,true
post_1702,Baldur's Gate 3,false,false,false
post_494,Valorant,true,true,false
post_914,The Witcher 3: Wild Hunt,false,false,false
post_1069,Counter-Strike 2,true,false,true
post_908,Super Mario Odyssey,true,true,false
post_998,Super Mario Odyssey,false,true,false
post_207,Baldur's Gate 3,true,true,false
post_1532,Valorant,true,false,true
post_1438,The Legend of Zelda: Tears of the Kingdom,false,false,false
post_412,Stardew Valley,true,false,true
post_519,Fortnite,true,true,true
post_1483,Baldur's Gate 3,false,true,false
post_1377,The Witcher 3: Wild Hunt,true,false,true
post_6,The Legend of Zelda: Tears of the Kingdom,false,true,true
post_1886,Counter-Strike 2,false,true,false
post_396,Minecraft,true,false,false
post_1051,Valorant,false,false,false
post_567,League of Legends,true,true,true
post_1281,Hollow Knight,true,false,false
post_1038,Elden Ring,true,false,false
post_1177,Minecraft,true,false,true
post_1999,Super Mario Odyssey,false,false,false
post_964,Elden Ring,false,true,false
post_996,Overwatch 2,false,false,true
post_656,Hades,true,true,false
post_939,League of Legends,true,true,false
post_186,Stardew Valley,false,false,true
post_1768,Super Mario Odyssey,false,false,true
post_488,Fortnite,true,true,true
post_1377,Red Dead Redemption 2,false,true,false
post_483,Counter-Strike 2,false,true,false
post_965,Minecraft,false,false,false
post_1488,Elden Ring,true,false,true
post_682,Grand Theft Auto V,true,false,true
post_1201,Fortnite,false,true,true
post_1114,Elden Ring,false,true,true
post_40,Elden Ring,false,true,true
post_165,Elden Ring,false,true,true
post_1196,Palworld,false,false,true
post_1842,Fortnite,false,true,false
post_1965,Super Mario Odyssey,true,true,true
post_1296,League of Legends,true,false,false
post_599,Elden Ring,true,false,true
post_1111,Counter-Strike 2,false,false,false
post_165,Fortnite,false,false,false
post_37,Apex Legends,false,true,true
post_1933,Fortnite,true,true,false
post_1526,Fortnite,false,false,false
post_1094,The Witcher 3: Wild Hunt,false,false,true
post_1445,Valorant,false,false,true
post_1372,Helldivers 2,true,false,false
post_834,The Legend of Zelda: Tears of the Kingdom,true,true,true
post_1340,Fortnite,false,false,true
post_1207,Overwatch 2,false,true,true
post_1931,The Legend of Zelda: Tears of the Kingdom,true,false,true
post_482,Baldur's Gate 3,true,true,true
post_785,Valorant,false,false,true
post_1127,Elden Ring,false,false,true
post_635,Minecraft,true,true,true
post_489,The Witcher 3: Wild Hunt,false,false,true
post_975,Stardew Valley,false,true,true
post_1668,Helldivers 2,false,false,false
post_1188,Valorant,true,false,true
post_1320,Palworld,true,true,true
post_406,Palworld,true,false,true
post_1502,Counter-Strike 2,true,false,true
post_1641,Baldur's Gate 3,true,true,false
post_1271,Hollow Knight,true,true,false
post_1634,Elden Ring,false,true,true
post_719,Grand Theft Auto V,true,false,false
post_1332,Fortnite,false,false,true
post_147,Grand Theft Auto V,true,false,true
post_1771,Fortnite,false,false,false
post_1145,Helldivers 2,false,true,false
post_111,Baldur's Gate 3,true,false,true
post_1929,League of Legends,true,true,false
post_938,Cyberpunk 2077,true,false,false
post_1788,Overwatch 2,false,false,true
post_1036,Stardew Valley,true,false,false
post_1922,Red Dead Redemption 2,false,true,false
post_901,League of Legends,true,true,true
post_111,Helldivers 2,true,false,true
post_1124,Elden Ring,true,false,false
post_1254,Cyberpunk 2077,false,true,true
post_1280,Elden Ring,false,true,true
post_1287,Elden Ring,false,true,true
post_1699,League of Legends,false,false,true
post_186,The Witcher 3: Wild Hunt,true,false,false
post_777,Hades,true,true,false
post_7,Fortnite,true,false,false
post_719,Cyberpunk 2077,true,true,true
post_522,The Legend of Zelda: Tears of the Kingdom,true,false,true
post_1772,Counter-Strike 2,true,false,false
post_406,Fortnite,false,false,true
post_239,Hades,false,true,true
post_394,Minecraft,true,false,false
post_488,Grand Theft Auto V,true,true,false
post_932,Red Dead Redemption 2,false,false,false
post_1827,Valorant,false,false,true
post_1057,Fortnite,false,true,true
post_1254,Cyberpunk 2077,false,true,true
post_694,League of Legends,true,true,false
post_1696,The Legend of Zelda: Tears of the Kingdom,false,false,false
post_1863,Palworld,false,true,true
post_1711,League of Legends,true,false,false
post_612,Grand Theft Auto V,false,false,true
post_527,Palworld,false,false,false
post_1161,Hades,true,false,true
post_1789,Hollow Knight,false,false,true
post_684,Grand Theft Auto V,true,true,false
post_713,Helldivers 2,true,true,false
post_74,Super Mario Odyssey,false,true,true
post_105,Counter-Strike 2,false,true,false
post_1797,Fortnite,true,true,false
post_1064,Elden Ring,false,true,false
post_686,Hollow Knight,false,true,false
post_513,League of Legends,false,true,true
post_242,Super Mario Odyssey,true,true,true
post_1180,Minecraft,true,false,true
post_1826,Baldur's Gate 3,true,false,false
post_643,Cyberpunk 2077,true,true,true
post_957,Elden Ring,true,true,true
post_1098,Baldur's Gate 3,true,false,false
post_1246,Elden Ring,false,false,false
post_651,Helldivers 2,true,false,false
post_997,Grand Theft Auto V,true,true,false
post_1950,Red Dead Redemption 2,true,true,false
post_387,The Legend of Zelda: Tears of the Kingdom,true,true,true
post_1093,League of Legends,false,true,false
post_1837,Valorant,true,true,false
post_1256,The Legend of Zelda: Tears of the Kingdom,true,true,false
post_4,The Witcher 3: Wild Hunt,true,true,false
post_1967,Counter-Strike 2,true,false,false
post_799,Red Dead Redemption 2,true,false,true
post_80,Red Dead Redemption 2,true,true,true
post_468,Stardew Valley,true,false,true
post_1922,Minecraft,false,true,true
post_70,The Legend of Zelda: Tears of the Kingdom,false,true,true
post_272,Cyberpunk 2077,true,false,true
post_1040,Elden Ring,true,false,false
post_1034,The Legend of Zelda: Tears of the Kingdom,true,false,false
post_420,Hades,true,true,true
post_14,Baldur's Gate 3,true,false,true
post_100,Counter-Strike 2,true,true,false
post_1330,The Witcher 3: Wild Hunt,false,false,true
post_288,The Witcher 3: Wild Hunt,false,true,false
post_81,Overwatch 2,true,false,false
post_1087,Palworld,false,true,true
post_842,Baldur's Gate 3,true,true,false
post_1672,The Witcher 3: Wild Hunt,false,true,false
post_1871,Minecraft,false,false,true
post_1496,Overwatch 2,false,false,true
post_824,Minecraft,true,true,false
post_1925,Fortnite,true,true,true
post_1135,Grand Theft Auto V,false,false,false
post_40,Grand Theft Auto V,true,false,false
post_1346,Stardew Valley,true,true,true
post_460,Red Dead Redemption 2,false,true,true
post_1837,Stardew Valley,true,false,true
post_1547,Red Dead Redemption 2,false,false,true
post_632,Super Mario Odyssey,true,true,true
post_908,Hades,true,true,false
post_886,Fortnite,false,true,false
post_500,Stardew Valley,true,true,true
post_919,Elden Ring,false,false,false
post_885,Red Dead Redemption 2,true,false,true
post_204,Baldur's Gate 3,false,false,false
post_1958,The Legend of Zelda: Tears of the Kingdom,false,true,true
post_227,Red Dead Redemption 2,true,true,false
post_46,Cyberpunk 2077,true,true,true
post_687,Grand Theft Auto V,true,true,false
post_423,Minecraft,false,false,false
post_307,Hades,true,false,false
post_1940,Valorant,false,false,false
post_552,Grand Theft Auto V,false,true,false
post_332,Hollow Knight,false,true,true
post_28,Elden Ring,false,true,false
post_250,Hades,true,true,true
post_630,Stardew Valley,false,true,true
post_420,Baldur's Gate 3,true,false,true
post_886,Helldivers 2,true,false,true
post_77,Counter-Strike 2,true,true,true
post_399,Apex Legends,false,false,true
post_1479,Grand Theft Auto V,true,false,true
post_1965,Red Dead Redemption 2,true,false,false
post_489,Baldur's Gate 3,false,false,true
post_863,Super Mario Odyssey,true,true,false
post_868,Red Dead Redemption 2,true,false,false
post_447,Helldivers 2,true,false,false
post_1405,Overwatch 2,true,false,true
post_1952,Fortnite,false,true,true
post_1039,Palworld,false,true,true
post_195,Overwatch 2,true,false,false
post_659,Super Mario Odyssey,false,true,true
post_1897,Valorant,true,false,true
post_1951,Cyberpunk 2077,false,true,false
post_1,Fortnite,true,true,false
post_699,Hollow Knight,false,true,false
post_618,Apex Legends,false,false,true
post_170,Counter-Strike 2,false,true,true
post_727,Minecraft,true,true,true
post_852,Overwatch 2,true,false,true
post_653,The Witcher 3: Wild Hunt,true,false,true
post_1929,Elden Ring,false,false,false
post_1498,Super Mario Odyssey,false,false,false
post_50,Cyberpunk 2077,false,true,true
post_1627,Hollow Knight,false,false,false
post_1455,Minecraft,false,true,true
post_60,Apex Legends,true,true,false
post_771,Red Dead Redemption 2,false,true,false
post_1482,Hades,false,true,true
post_781,Apex Legends,true,true,false
post_710,Elden Ring,true,true,false
post_1704,Hades,true,false,false
post_65,Overwatch 2,false,true,false
post_331,Overwatch 2,false,false,true
post_1481,League of Legends,false,false,false
post_1795,The Legend of Zelda: Tears of the Kingdom,true,false,false
post_1315,Helldivers 2,true,true,true
post_209,Cyberpunk 2077,true,true,true
post_1886,Cyberpunk 2077,false,false,true
post_730,Helldivers 2,false,false,false
post_537,Hades,true,true,true
post_1841,Red Dead Redemption 2,true,true,true
post_1523,Stardew Valley,true,true,false
post_302,Palworld,false,false,false
post_1543,Red Dead Redemption 2,false,false,true
post_1126,Valorant,true,true,false
post_1373,Hollow Knight,false,true,true
post_1346,The Witcher 3: Wild Hunt,false,true,true
post_1200,Stardew Valley,false,false,true
post_1983,Elden Ring,true,true,true
post_836,Super Mario Odyssey,true,true,true
post_1299,Overwatch 2,true,true,true
post_424,Cyberpunk 2077,true,true,false
post_853,Elden Ring,false,false,true
post_524,The Witcher 3: Wild Hunt,true,false,true
post_1817,Baldur's Gate 3,false,false,false
post_1304,The Legend of Zelda: Tears of the Kingdom,true,true,false
post_331,Hollow Knight,true,true,true
post_1134,Elden Ring,true,true,false
post_1343,Fortnite,false,true,false
post_299,Apex Legends,true,false,true
post_617,Palworld,true,false,true
post_174,Apex Legends,true,true,true
post_26,Overwatch 2,true,true,true
post_791,Fortnite,false,false,false
post_1561,Apex Legends,false,true,false
post_1144,Red Dead Redemption 2,false,false,false
post_38,Stardew Valley,true,true,false
post_1625,Grand Theft Auto V,true,true,true
post_1907,Red Dead Redemption 2,true,false,false
post_1699,Elden Ring,true,true,false
post_891,Minecraft,false,true,false
post_874,Counter-Strike 2,true,false,false
post_164,Grand Theft Auto V,false,false,true
post_131,Palworld,false,true,true
post_1355,Baldur's Gate 3,true,true,true
post_205,League of Legends,true,true,true
post_980,Minecraft,true,false,false
post_1775,Grand Theft Auto V,false,true,true
post_1281,Super Mario Odyssey,true,true,false
post_618,Cyberpunk 2077,false,true,false
post_959,Stardew Valley,true,true,true
post_1205,Red Dead Redemption 2,true,true,true
post_279,Baldur's Gate 3,true,true,false
post_1559,Overwatch 2,true,true,true
post_1529,Valorant,true,false,true
post_167,Red Dead Redemption 2,true,true,true
post_1329,The Witcher 3: Wild Hunt,false,true,false
post_136,Counter-Strike 2,false,false,false
post_396,Hades,false,false,false
post_1203,Palworld,true,false,true
post_1731,Fortnite,true,true,true
post_886,League of Legends,true,true,true
post_1444,Red Dead Redemption 2,false,true,true
post_145,Super Mario Odyssey,true,true,true
post_18,Elden Ring,true,true,true
post_1574,Red Dead Redemption 2,false,false,true
post_1744,Fortnite,false,false,true
post_1034,Cyberpunk 2077,true,false,false
post_1953,Valorant,true,false,false
post_69,Helldivers 2,true,false,true
post_1991,Super Mario Odyssey,true,true,false
post_1689,Counter-Strike 2,false,false,true
post_1299,Elden Ring,false,false,true
post_1598,League of Legends,true,false,false
post_752,Hollow Knight,false,true,true
post_363,Hades,true,false,false
post_781,Super Mario Odyssey,true,false,false
post_383,Stardew Valley,true,true,false
post_48,Super Mario Odyssey,false,true,false
post_1865,Helldivers 2,true,true,false
post_1756,Grand Theft Auto V,false,true,false
post_1018,Fortnite,true,true,false
post_1700,Apex Legends,true,true,true
post_324,Apex Legends,false,true,true
post_1075,Apex Legends,false,true,true
post_543,Super Mario Odyssey,true,true,false
post_945,League of Legends,false,true,false
post_1950,Baldur's Gate 3,false,true,true
post_1093,Minecraft,false,false,true
post_1488,Hades,false,true,true
post_1976,Palworld,true,false,false
post_765,Palworld,true,false,true
post_100,The Witcher 3: Wild Hunt,true,true,true
post_1019,Baldur's Gate 3,false,false,true
post_1949,Helldivers 2,true,false,true
post_1360,Baldur's Gate 3,true,false,false
post_137,Stardew Valley,true,false,false
post_72,The Witcher 3: Wild Hunt,true,false,false
post_647,Baldur's Gate 3,true,true,false
post_1796,Palworld,false,false,true
post_1657,Red Dead Redemption 2,true,true,false
post_439,Hades,false,false,false
post_1152,League of Legends,false,false,false
post_1685,Minecraft,true,true,false
post_568,Apex Legends,true,true,false
post_764,Elden Ring,true,true,false
post_1887,The Legend of Zelda: Tears of the Kingdom,false,false,true
post_49,Elden Ring,true,true,false
post_57,Red Dead Redemption 2,true,true,true
post_1623,Valorant,true,false,true
post_5,Cyberpunk 2077,true,false,true
post_1064,League of Legends,false,false,true
post_739,Palworld,true,true,false
post_251,Hades,true,true,true
post_169,Red Dead Redemption 2,true,true,true
post_1481,Overwatch 2,false,true,false
post_1667,Valorant,false,false,true
post_1452,Hades,true,false,true
post_1786,The Legend of Zelda: Tears of the Kingdom,false,true,false
post_1299,Cyberpunk 2077,true,true,false
post_133,Counter-Strike 2,true,true,true
post_818,Overwatch 2,false,false,false
post_220,Overwatch 2,true,true,false
post_1921,Super Mario Odyssey,true,false,false
post_400,Helldivers 2,true,false,false
post_1375,Baldur's Gate 3,true,false,true
post_1225,Palworld,false,true,false
post_542,Elden Ring,true,false,true
post_1508,Helldivers 2,true,true,true
post_1221,Helldivers 2,true,true,true
post_942,The Witcher 3: Wild Hunt,false,false,true
post_1153,Red Dead Redemption 2,true,true,true
post_1861,Baldur's Gate 3,false,false,false
post_843,Apex Legends,false,false,true
post_920,Overwatch 2,false,false,false
post_534,Elden Ring,false,true,true
post_863,Elden Ring,true,false,true
post_1659,Helldivers 2,true,true,true
post_1008,Apex Legends,false,true,false
post_336,Fortnite,true,false,true
post_1384,The Witcher 3: Wild Hunt,false,false,false
post_1911,Fortnite,false,true,true
post_1772,League of Legends,false,true,false
post_1102,Baldur's Gate 3,false,false,false
post_670,Counter-Strike 2,true,false,true
post_788,Counter-Strike 2,false,true,false
post_644,The Witcher 3: Wild Hunt,true,true,true
post_564,Helldivers 2,false,true,false
post_907,League of Legends,false,true,true
post_1760,Apex Legends,false,false,true
post_1836,Elden Ring,false,false,true
post_1782,Baldur's Gate 3,false,false,false
post_1678,Minecraft,true,true,false
post_1577,Hollow Knight,true,false,true
post_569,Counter-Strike 2,true,true,false
post_1188,Helldivers 2,true,false,false
post_1767,Red Dead Redemption 2,true,true,false
post_443,The Legend of Zelda: Tears of the Kingdom,true,false,false
post_114,Minecraft,true,true,true
post_369,Minecraft,false,false,false
post_1351,Valorant,false,false,true
post_850,Palworld,true,true,true
post_1208,League of Legends,false,true,true
post_1649,Helldivers 2,true,true,true
post_436,Counter-Strike 2,false,true,false
post_714,Red Dead Redemption 2,false,false,false
post_625,The Legend of Zelda: Tears of the Kingdom,true,false,true
post_1090,Counter-Strike 2,true,true,false
post_629,Cyberpunk 2077,true,false,false
post_1377,Fortnite,false,true,false
post_598,Baldur's Gate 3,true,true,true
post_776,Valorant,true,true,true
post_1410,Hades,false,true,true
post_762,Elden Ring,true,true,false
post_1597,Cyberpunk 2077,true,false,true
post_777,Palworld,false,false,false
post_1716,Hollow Knight,true,false,true
post_97,Red Dead Redemption 2,true,false,true
post_1423,Grand Theft Auto V,true,true,true
post_1708,Hollow Knight,false,false,false
post_1489,Hollow Knight,false,false,false
post_1386,Baldur's Gate 3,true,true,false
post_181,Fortnite,true,false,false
post_959,The Witcher 3: Wild Hunt,true,true,true
post_110,Valorant,false,true,false
post_229,Hades,true,true,false
post_1298,The Witcher 3: Wild Hunt,false,false,true
post_661,Super Mario Odyssey,true,true,true
post_781,Super Mario Odyssey,false,false,true
post_1464,Hollow Knight,false,true,false
post_1281,Cyberpunk 2077,true,true,false
post_717,League of Legends,true,true,false
post_1546,Minecraft,false,true,false
post_1752,Fortnite,false,true,true
post_1042,Hollow Knight,false,true,false
post_1145,The Witcher 3: Wild Hunt,false,false,false
post_702,Hades,true,true,false
post_90,Hollow Knight,false,false,true
post_308,Counter-Strike 2,false,false,true
post_803,Apex Legends,true,false,false
post_1004,Fortnite,true,true,false
post_1004,Stardew Valley,false,false,true
post_458,Cyberpunk 2077,false,true,true
post_87,Counter-Strike 2,false,true,true
post_674,Cyberpunk 2077,false,false,true
post_189,Palworld,true,true,true
post_1378,Apex Legends,true,false,true
post_1286,Grand Theft Auto V,false,true,false
post_989,Red Dead Redemption 2,false,false,false
post_963,The Witcher 3: Wild Hunt,true,true,true
post_1961,Elden Ring,true,false,true
post_471,Fortnite,false,true,false
post_1535,Red Dead Redemption 2,false,true,true
post_731,Palworld,false,false,false
post_487,Fortnite,true,false,false
post_42,Minecraft,true,false,true
post_302,Hades,true,true,true
post_1049,Cyberpunk 2077,false,true,false
post_928,Fortnite,false,false,false
post_820,Helldivers 2,true,false,true
post_1873,Red Dead Redemption 2,false,false,true
post_1871,Fortnite,true,false,true
post_1601,Baldur's Gate 3,false,true,false
post_902,Fortnite,false,true,false
post_1654,Minecraft,false,true,false
post_171,Valorant,true,true,false
post_730,Grand Theft Auto V,false,true,false
post_12,The Legend of Zelda: Tears of the Kingdom,true,true,true
post_829,Cyberpunk 2077,false,true,true
post_126,Overwatch 2,false,false,false
post_145,The Legend of Zelda: Tears of the Kingdom,true,true,false
post_1350,Stardew Valley,true,false,true
post_7,Elden Ring,true,false,true
post_1458,Counter-Strike 2,false,false,false
post_535,Red Dead Redemption 2,true,false,true
post_1156,Helldivers 2,false,false,false
post_1483,Minecraft,true,false,true
post_1424,Helldivers 2,true,true,true
post_1003,Super Mario Odyssey,true,true,true
post_778,Red Dead Redemption 2,false,true,true
post_1549,Counter-Strike 2,true,false,true
post_365,Palworld,true,true,true
post_1688,Palworld,true,false,false
post_1496,Fortnite,false,true,false
post_1866,Apex Legends,true,true,true
post_1743,Minecraft,true,false,true
post_334,Hollow Knight,true,true,true
post_713,Stardew Valley,false,false,true
post_468,Helldivers 2,true,true,true
post_874,Super Mario Odyssey,false,true,false
post_862,Grand Theft Auto V,false,false,false
post_842,Baldur's Gate 3,false,false,true
post_1735,Palworld,false,true,false
post_356,Minecraft,false,true,false
post_908,League of Legends,true,false,true
post_1052,Counter-Strike 2,true,true,true
post_650,Valorant,true,false,false
post_815,Palworld,true,true,true
post_1083,League of Legends,false,false,true
post_53,The Legend of Zelda: Tears of the Kingdom,true,true,true
post_782,Grand Theft Auto V,true,true,false
post_1380,Stardew Valley,false,false,true
post_1177,Red Dead Redemption 2,true,false,true
post_1494,Minecraft,false,false,true
post_269,Grand Theft Auto V,false,false,false
post_535,Hollow Knight,false,true,false
post_1402,Apex Legends,true,true,false
post_727,Hades,true,true,false
post_280,Cyberpunk 2077,false,false,true
post_1343,Valorant,true,true,true
post_374,Elden Ring,true,true,false
post_672,Overwatch 2,true,false,false
post_766,Valorant,false,true,false
post_476,Helldivers 2,false,false,true
post_352,Helldivers 2,false,true,true
post_1954,Hollow Knight,true,true,false
post_422,Minecraft,true,false,true
post_1911,Super Mario Odyssey,true,true,true
post_699,League of Legends,true,false,true
post_1551,Fortnite,false,false,true
post_1545,Red Dead Redemption 2,false,false,false
post_1971,Hades,false,true,true
post_491,Red Dead Redemption 2,false,false,false
post_1794,Minecraft,true,true,false
post_494,Elden Ring,true,true,true
post_842,Overwatch 2,false,false,true
post_1483,Hades,true,true,false
post_665,The Witcher 3: Wild Hunt,true,true,true
post_742,Fortnite,true,false,false
post_1304,Red Dead Redemption 2,false,false,true
post_1994,Hollow Knight,true,false,false
post_1211,League of Legends,true,false,true
post_913,Elden Ring,false,true,false
post_1858,Palworld,true,true,false
post_405,Baldur's Gate 3,true,false,true
post_456,Palworld,true,true,false
post_1349,Fortnite,false,false,true
post_479,Palworld,false,true,false
post_1839,Hollow Knight,true,false,true
post_1145,League of Legends,true,true,false
post_800,Helldivers 2,true,true,true
post_1094,The Witcher 3: Wild Hunt,false,false,true
post_1437,Counter-Strike 2,true,false,true
post_675,Super Mario Odyssey,true,true,false
post_1064,Helldivers 2,false,true,true
post_1426,Super Mario Odyssey,false,true,false
post_977,Baldur's Gate 3,false,false,false
post_1362,Fortnite,false,false,false
post_899,Red Dead Redemption 2,false,true,false
post_1092,The Legend of Zelda: Tears of the Kingdom,true,true,false
post_1801,League of Legends,false,true,true
post_236,Elden Ring,false,true,false
post_1847,Overwatch 2,true,false,false
post_148,The Legend of Zelda: Tears of the Kingdom,true,true,true
post_723,Baldur's Gate 3,false,true,false
post_1216,Valorant,true,false,true
post_557,Valorant,true,false,false
post_1868,Overwatch 2,true,false,true
post_1307,Helldivers 2,true,false,true
post_1021,Hollow Knight,true,false,false
post_1918,Minecraft,false,false,true
post_152,Baldur's Gate 3,true,true,false
post_1930,Baldur's Gate 3,true,true,false
post_41,Baldur's Gate 3,false,true,true
post_1152,Hollow Knight,true,false,true
post_365,Valorant,true,true,false
post_1475,The Legend of Zelda: Tears of the Kingdom,false,true,true
post_1595,Baldur's Gate 3,false,false,true
post_1039,Hollow Knight,false,false,true
post_832,Minecraft,true,false,false
post_1151,Hades,false,false,true
post_252,Fortnite,true,false,true
post_118,Stardew Valley,true,true,true
post_1865,Palworld,true,true,true
post_346,Red Dead Redemption 2,false,true,true
post_554,Stardew Valley,false,true,true
post_1356,Grand Theft Auto V,true,true,true
post_1703,Hollow Knight,true,false,true
post_1988,Minecraft,false,false,false
post_1958,Minecraft,false,true,false
post_701,Red Dead Redemption 2,false,false,false
post_775,The Witcher 3: Wild Hunt,false,true,true
post_259,Red Dead Redemption 2,false,false,true
post_1664,The Witcher 3: Wild Hunt,false,false,false
post_521,Counter-Strike 2,false,false,false
post_775,The Legend of Zelda: Tears of the Kingdom,false,false,false
post_1310,Helldivers 2,true,false,false
post_1047,Overwatch 2,true,true,true
post_1214,Baldur's Gate 3,false,true,true
post_1189,Valorant,false,true,true
post_634,Counter-Strike 2,true,false,true
post_1274,The Legend of Zelda: Tears of the Kingdom,false,false,true
post_341,Cyberpunk 2077,true,true,true
post_1454,Overwatch 2,true,false,true
post_1158,Minecraft,true,true,true
post_174,Cyberpunk 2077,false,false,false
post_1003,Stardew Valley,false,false,false
post_1990,Palworld,true,true,false
post_927,The Witcher 3: Wild Hunt,true,false,true
post_1681,Apex Legends,true,true,true
post_386,The Witcher 3: Wild Hunt,false,true,false
post_1041,Fortnite,false,true,false
post_1909,Hollow Knight,true,false,false
post_905,Valorant,true,true,false
post_1399,Stardew Valley,true,false,false
post_1823,Stardew Valley,true,false,false
post_1560,League of Legends,false,true,false
post_1909,The Witcher 3: Wild Hunt,true,true,true
post_270,League of Legends,false,true,false
post_1566,Overwatch 2,false,false,false
post_1249,Grand Theft Auto V,true,false,false
post_863,Stardew Valley,false,true,true
post_710,Stardew Valley,false,false,true
post_887,Hades,false,true,true
post_1044,Super Mario Odyssey,true,false,true
post_40,The Witcher 3: Wild Hunt,true,true,true
post_1753,Elden Ring,true,false,false
post_826,Elden Ring,false,false,false
post_1643,Cyberpunk 2077,true,true,true
post_1247,Elden Ring,true,false,true
post_1303,Fortnite,false,false,false
post_1656,Hades,true,false,true
post_1223,The Legend of Zelda: Tears of the Kingdom,true,true,false
post_78,The Witcher 3: Wild Hunt,false,false,false
post_985,Minecraft,true,false,true
post_1454,Grand Theft Auto V,false,false,false
post_1281,Elden Ring,true,true,true
post_214,Elden Ring,true,false,true
post_771,Elden Ring,true,true,false
post_268,Helldivers 2,true,true,false
post_812,Stardew Valley,false,false,false
post_524,Stardew Valley,false,false,false
post_1793,Counter-Strike 2,false,true,false
post_1788,Helldivers 2,true,true,true
post_1441,Overwatch 2,true,true,false
post_162,Grand Theft Auto V,false,true,false
post_873,Stardew Valley,false,true,true
post_1409,Hades,true,false,false
post_1501,The Witcher 3: Wild Hunt,true,true,false
post_1201,Helldivers 2,false,true,false
post_1745,The Witcher 3: Wild Hunt,false,true,false
post_916,Apex Legends,false,true,false
post_771,Counter-Strike 2,false,false,false
post_1168,Cyberpunk 2077,true,false,false
post_1211,Fortnite,false,false,true
post_814,Baldur's Gate 3,false,true,false
post_391,Overwatch 2,false,false,false
post_366,Counter-Strike 2,false,false,true
post_321,Overwatch 2,true,true,false
post_521,League of Legends,false,false,false
post_1979,Fortnite,false,false,false
post_355,Fortnite,false,true,true
post_646,Valorant,false,true,false
post_281,Cyberpunk 2077,true,true,true
post_802,Grand Theft Auto V,true,false,false
post_180,Grand Theft Auto V,false,true,true
post_1837,Baldur's Gate 3,false,false,true
post_1663,Overwatch 2,false,false,false
post_564,Baldur's Gate 3,true,false,true
post_1734,Hades,true,false,false
post_1299,Hades,false,false,true
post_1623,Elden Ring,true,false,false
post_1975,Overwatch 2,true,false,false
post_676,Palworld,false,false,true
post_950,Counter-Strike 2,true,false,false
post_528,Overwatch 2,true,true,true
post_1744,Helldivers 2,false,false,true
post_1894,Minecraft,true,true,true
post_679,Hades,false,false,true
post_442,Stardew Valley,false,false,true
post_499,Helldivers 2,false,false,false
post_3,Red Dead Redemption 2,true,false,true
post_1406,Super Mario Odyssey,false,true,true
post_1366,Valorant,false,false,false
post_1733,Palworld,true,true,false
post_157,Helldivers 2,false,true,false
post_1631,Apex Legends,false,true,true
post_1426,Grand Theft Auto V,true,true,true
post_345,Overwatch 2,true,true,false
post_1854,Apex Legends,false,true,true
post_1778,Red Dead Redemption 2,true,true,true
post_119,League of Legends,false,true,true
post_540,Red Dead Redemption 2,false,true,true
post_1486,Elden Ring,true,true,false
post_341,The Legend of Zelda: Tears of the Kingdom,true,false,true
post_1473,Overwatch 2,false,false,true
post_33,Super Mario Odyssey,true,false,true
post_1175,Valorant,false,true,true
post_456,Hades,true,false,true
post_559,Valorant,false,false,false
post_938,Cyberpunk 2077,false,true,true
post_1265,The Witcher 3: Wild Hunt,false,true,true
post_1251,Super Mario Odyssey,true,true,true
post_226,Cyberpunk 2077,true,true,false
post_1663,Red Dead Redemption 2,true,false,false
post_1633,Grand Theft Auto V,false,true,true
post_1252,Hades,true,true,true
post_1416,The Witcher 3: Wild Hunt,true,true,true
post_1705,Palworld,true,false,false
post_100,Red Dead Redemption 2,true,false,false
post_1831,Minecraft,true,false,true
post_913,Overwatch 2,false,true,true
post_1335,Counter-Strike 2,false,true,false
post_12,Minecraft,false,false,true
post_1433,Cyberpunk 2077,true,false,false
post_1292,Elden Ring,false,false,false
post_1653,Fortnite,true,false,true
post_67,Baldur's Gate 3,true,true,false
post_1868,League of Legends,true,true,true
post_509,Counter-Strike 2,true,true,true
post_1235,The Witcher 3: Wild Hunt,true,false,false
post_1487,Super Mario Odyssey,false,false,true
post_1388,The Witcher 3: Wild Hunt,true,false,false
post_639,Counter-Strike 2,true,true,false
post_1320,Cyberpunk 2077,false,false,false
post_983,Hades,true,false,false
post_1061,The Witcher 3: Wild Hunt,false,true,true
post_534,Palworld,true,false,true
post_1924,Stardew Valley,false,false,false
post_225,Helldivers 2,false,false,false
post_1300,Stardew Valley,false,true,false
post_1501,Hollow Knight,true,false,true
post_1750,Apex Legends,false,true,true
post_1369,Baldur's Gate 3,true,false,true
post_240,Overwatch 2,true,false,false
post_1621,Counter-Strike 2,false,false,true
post_1571,Overwatch 2,true,true,true
post_1418,Grand Theft Auto V,true,false,false
post_78,Red Dead Redemption 2,true,true,false
post_926,Stardew Valley,true,true,true
post_947,Baldur's Gate 3,true,false,false
post_1559,League of Legends,false,true,true
post_343,Baldur's Gate 3,false,false,false
post_113,Fortnite,true,false,false
post_672,Counter-Strike 2,true,true,false
post_1690,Super Mario Odyssey,true,true,true
post_406,Apex Legends,false,false,false
post_374,Fortnite,true,false,true
post_1906,Fortnite,false,true,true
post_523,Elden Ring,false,false,false
post_1364,Hades,true,false,true
post_426,The Witcher 3: Wild Hunt,false,true,false
post_1167,Elden Ring,false,false,false
post_573,Valorant,true,false,false
post_1159,Hades,true,true,true
post_1052,Counter-Strike 2,false,false,true
post_1258,Minecraft,true,false,false
post_1343,Helldivers 2,false,true,true
post_1556,Cyberpunk 2077,false,false,false
post_1077,Overwatch 2,true,false,false
post_752,The Witcher 3: Wild Hunt,true,true,true
post_737,Apex Legends,true,false,false
post_1155,Valorant,true,true,true
post_1952,Helldivers 2,true,false,false
post_72,Fortnite,true,false,false
post_1751,Minecraft,true,true,false
post_1564,Red Dead Redemption 2,true,true,false
post_771,Super Mario Odyssey,false,false,false
post_1799,Super Mario Odyssey,true,true,true
post_1832,The Legend of Zelda: Tears of the Kingdom,false,false,false
post_411,Overwatch 2,true,true,false
post_725,Baldur's Gate 3,true,false,false
post_58,League of Legends,false,false,false
post_68,Stardew Valley,false,false,true
post_1956,Stardew Valley,false,true,true
post_522,Helldivers 2,true,false,true
post_1717,Cyberpunk 2077,false,false,true
post_346,Stardew Valley,false,true,false
post_755,Helldivers 2,true,true,false
post_1734,Counter-Strike 2,true,true,false
post_805,Stardew Valley,false,true,false
post_1341,Elden Ring,true,false,true
post_395,Baldur's Gate 3,false,false,false
post_726,The Legend of Zelda: Tears of the Kingdom,true,true,true
post_884,Fortnite,false,false,true
post_1313,Hollow Knight,false,false,false
post_1693,League of Legends,false,false,false
post_1987,Valorant,false,false,false
post_233,Apex Legends,true,false,false
post_552,Helldivers 2,false,true,false
post_1173,Helldivers 2,true,false,false
post_265,Red Dead Redemption 2,true,false,false
post_435,Overwatch 2,false,true,false
post_1281,Counter-Strike 2,true,true,false
post_455,Baldur's Gate 3,true,true,true
post_115,The Legend of Zelda: Tears of the Kingdom,true,false,true
post_552,Palworld,true,false,true
post_1039,Overwatch 2,false,false,false
post_1851,Cyberpunk 2077,true,true,false
post_908,Super Mario Odyssey,false,false,false
post_187,Cyberpunk 2077,false,false,true
post_1876,League of Legends,true,true,true
post_1505,Minecraft,false,true,true
post_728,Grand Theft Auto V,true,false,false
post_853,Fortnite,false,false,true
post_218,Super Mario Odyssey,false,false,false
post_1452,Hades,true,false,true
post_556,Super Mario Odyssey,false,false,false
post_1703,Overwatch 2,true,true,false
post_127,Elden Ring,true,false,false
post_492,Minecraft,true,true,true
post_1881,Overwatch 2,true,false,false
post_1098,Fortnite,false,false,true
post_857,Overwatch 2,false,true,false
post_1152,The Legend of Zelda: Tears of the Kingdom,true,true,false
post_290,League of Legends,true,false,true
post_1653,Cyberpunk 2077,false,true,false
post_1725,The Witcher 3: Wild Hunt,true,false,true
post_414,League of Legends,true,true,false
post_855,Red Dead Redemption 2,false,true,false
post_660,Red Dead Redemption 2,false,false,true
post_483,The Legend of Zelda: Tears of the Kingdom,false,true,false
post_20,Counter-Strike 2,true,true,true
post_1892,Valorant,false,true,true
post_642,Hollow Knight,false,true,false
post_11,Hollow Knight,true,true,false
post_1566,Palworld,false,true,true
post_42,Baldur's Gate 3,true,false,false
post_177,League of Legends,false,true,false
post_1836,Baldur's Gate 3,false,true,false
post_1636,The Legend of Zelda: Tears of the Kingdom,false,false,false
post_303,League of Legends,true,true,true
post_530,Hades,false,false,false
post_854,Baldur's Gate 3,false,false,true
post_1281,Cyberpunk 2077,true,false,false
post_1132,Palworld,true,true,true
post_713,Elden Ring,true,true,true
