post_id,tag_name,addedAt,confidenceScore,isModeratorApplied
post_1647,Meme,2026-04-14,0.25,true
post_398,Rumor,2026-04-02,0.63,false
post_1120,Rumor,2026-04-21,0.89,true
post_144,Review,2026-04-01,0.97,false
post_1336,Question,2026-04-12,0.15,true
post_633,Guide,2026-04-05,0.83,true
post_844,Spoiler,2026-04-17,0.85,false
post_1513,LFG,2026-04-17,0.62,true
post_1028,Rumor,2026-04-24,0.58,true
post_433,Rumor,2026-04-15,0.98,true
post_394,LFG,2026-04-03,0.96,true
post_411,News,2026-04-16,0.57,true
post_1821,Esports,2026-04-25,0.19,false
post_396,Esports,2026-04-18,0.26,true
post_1418,Discussion,2026-04-23,0.44,false
post_258,Esports,2026-04-13,0.61,true
post_894,Rumor,2026-04-01,0.55,false
post_1757,Meme,2026-04-08,0.52,true
post_869,Guide,2026-04-10,0.88,true
post_510,Spoiler,2026-04-17,0.54,false
post_1468,Meme,2026-04-11,0.99,true
post_163,Esports,2026-04-12,0.62,false
post_1784,News,2026-04-09,0.83,true
post_530,Meme,2026-04-02,0.29,true
post_622,Discussion,2026-04-02,0.36,true
post_1798,Review,2026-04-08,0.93,true
post_828,Meme,2026-04-09,0.98,true
post_238,Guide,2026-04-17,0.96,true
post_1907,News,2026-04-02,0.93,false
post_1350,News,2026-04-28,0.61,false
post_1603,Guide,2026-04-06,0.82,false
post_421,Rumor,2026-04-14,0.58,true
post_1157,Esports,2026-04-09,0.67,true
post_1282,News,2026-04-23,0.22,false
post_1756,Guide,2026-04-16,0.17,false
post_148,Esports,2026-04-06,0.49,false
post_1942,Esports,2026-04-22,0.88,false
post_1034,Meme,2026-04-06,0.67,false
post_134,LFG,2026-04-24,0.64,true
post_1809,Guide,2026-04-10,0.34,false
post_1891,Meme,2026-04-08,0.34,false
post_586,Question,2026-04-24,0.23,false
post_1950,News,2026-04-20,0.11,false
post_1043,Guide,2026-04-15,0.22,true
post_1848,LFG,2026-04-22,0.16,false
post_615,Esports,2026-04-05,0.64,true
post_828,Review,2026-04-28,0.4,true
post_972,LFG,2026-04-08,0.18,false
post_1519,Esports,2026-04-01,0.17,true
post_1938,Esports,2026-04-23,0.59,true
post_1784,Meme,2026-04-06,0.24,false
post_1233,Guide,2026-04-15,0.37,true
post_424,Guide,2026-04-18,0.55,true
post_621,Rumor,2026-04-18,0.45,false
post_28,Review,2026-04-03,0.59,false
post_1606,Meme,2026-04-10,0.15,true
post_1124,Fanart,2026-04-23,0.14,false
post_667,Question,2026-04-06,0.92,false
post_1099,Spoiler,2026-04-14,0.65,true
post_326,Fanart,2026-04-11,0.8,true
post_1318,Rumor,2026-04-03,0.12,true
post_356,Fanart,2026-04-24,0.43,false
post_1246,Rumor,2026-04-21,0.73,true
post_271,LFG,2026-04-24,0.84,true
post_1662,Review,2026-04-15,0.99,true
post_1558,Meme,2026-04-28,0.17,true
post_1161,News,2026-04-08,0.62,false
post_1763,Question,2026-04-11,0.16,false
post_811,Guide,2026-04-07,0.75,true
post_1244,News,2026-04-28,0.34,false
post_374,Review,2026-04-06,0.34,true
post_1319,Rumor,2026-04-18,0.71,false
post_1765,Discussion,2026-04-28,0.16,true
post_933,Review,2026-04-03,0.33,true
post_1515,Guide,2026-04-15,0.52,true
post_494,Meme,2026-04-22,0.64,true
post_1098,Fanart,2026-04-04,0.35,false
post_1973,Guide,2026-04-15,0.72,false
post_452,Discussion,2026-04-25,0.77,true
post_490,Question,2026-04-12,0.53,false
post_1624,Discussion,2026-04-01,0.68,false
post_1523,Spoiler,2026-04-18,0.47,false
post_781,Discussion,2026-04-25,0.55,true
post_719,Review,2026-04-01,0.86,false
post_1564,Fanart,2026-04-07,0.68,false
post_1534,Esports,2026-04-11,0.53,false
post_1465,News,2026-04-10,0.9,true
post_1517,News,2026-04-18,0.31,true
post_1511,LFG,2026-04-04,0.5,true
post_528,Review,2026-04-03,0.7,true
post_1064,Esports,2026-04-14,0.47,false
post_387,Rumor,2026-04-04,0.82,true
post_1338,Rumor,2026-04-01,0.11,false
post_422,Review,2026-04-22,0.29,true
post_1057,Discussion,2026-04-09,0.35,true
post_353,Fanart,2026-04-12,0.72,true
post_496,Spoiler,2026-04-28,0.75,true
post_377,Question,2026-04-17,0.36,true
post_706,Fanart,2026-04-20,0.65,false
post_1219,Guide,2026-04-09,0.75,true
post_1000,Meme,2026-04-14,0.42,true
post_1714,Rumor,2026-04-03,0.14,true
post_360,Question,2026-04-01,0.62,false
post_1592,Discussion,2026-04-06,0.85,false
post_1433,Fanart,2026-04-15,0.99,true
post_978,LFG,2026-04-18,0.78,true
post_532,Discussion,2026-04-08,0.17,true
post_980,News,2026-04-20,0.32,true
post_1327,Spoiler,2026-04-21,0.48,false
post_1204,Fanart,2026-04-01,0.42,true
post_594,News,2026-04-13,0.45,true
post_20,Spoiler,2026-04-09,0.43,true
post_1633,Discussion,2026-04-07,0.52,true
post_37,Rumor,2026-04-02,0.12,false
post_1110,Rumor,2026-04-18,0.19,true
post_1141,Meme,2026-04-07,0.32,false
post_1473,Guide,2026-04-14,0.45,false
post_1082,Fanart,2026-04-25,0.89,true
post_1402,Review,2026-04-12,0.41,false
post_30,Spoiler,2026-04-09,0.88,false
post_1848,Guide,2026-04-03,0.13,false
post_1238,Discussion,2026-04-16,0.56,false
post_812,Meme,2026-04-24,0.91,false
post_1098,Fanart,2026-04-25,0.16,false
post_1291,Spoiler,2026-04-13,0.2,false
post_812,Discussion,2026-04-24,0.53,true
post_118,Discussion,2026-04-02,0.97,false
post_1046,Fanart,2026-04-15,0.71,true
post_469,Guide,2026-04-06,0.63,true
post_1602,LFG,2026-04-18,0.56,true
post_463,Spoiler,2026-04-27,0.1,false
post_1100,News,2026-04-10,0.85,false
post_1538,Meme,2026-04-01,0.45,false
post_319,Spoiler,2026-04-04,0.74,false
post_1628,Esports,2026-04-14,0.62,true
post_1789,News,2026-04-20,0.88,true
post_1089,Esports,2026-04-03,0.11,false
post_143,Guide,2026-04-14,0.88,false
post_1720,News,2026-04-06,0.84,true
post_1931,Fanart,2026-04-28,0.1,false
post_1877,Rumor,2026-04-18,0.41,false
post_1965,Esports,2026-04-23,0.24,true
post_1786,News,2026-04-16,0.89,false
post_1968,Guide,2026-04-01,0.6,true
post_618,LFG,2026-04-24,0.29,true
post_1966,News,2026-04-23,0.8,true
post_1208,Question,2026-04-03,0.92,true
post_704,LFG,2026-04-16,0.48,false
post_1647,Question,2026-04-18,0.65,false
post_1149,Meme,2026-04-14,0.73,true
post_904,LFG,2026-04-22,0.77,true
post_118,Esports,2026-04-01,0.97,false
post_894,Discussion,2026-04-02,0.88,true
post_1418,Rumor,2026-04-16,0.48,true
post_1139,Guide,2026-04-21,0.76,false
post_97,LFG,2026-04-08,0.83,false
post_1919,Meme,2026-04-11,0.94,true
post_1490,Spoiler,2026-04-15,0.91,false
post_1074,LFG,2026-04-16,0.85,false
post_1112,Spoiler,2026-04-20,0.18,false
post_1132,Meme,2026-04-05,0.43,true
post_257,Discussion,2026-04-08,0.51,true
post_1524,Discussion,2026-04-20,0.63,true
post_488,Rumor,2026-04-07,0.93,false
post_1432,Guide,2026-04-02,0.48,false
post_1483,LFG,2026-04-13,0.54,false
post_91,Question,2026-04-02,0.42,true
post_750,LFG,2026-04-26,0.45,false
post_1743,Discussion,2026-04-04,0.28,true
post_913,LFG,2026-04-03,0.34,false
post_607,Meme,2026-04-10,0.94,true
post_712,Spoiler,2026-04-17,0.55,false
post_1471,Review,2026-04-08,0.9,true
post_698,Spoiler,2026-04-15,0.69,true
post_1803,Fanart,2026-04-20,0.76,false
post_365,Meme,2026-04-22,0.72,false
post_1544,Esports,2026-04-25,0.94,false
post_406,Question,2026-04-15,0.35,true
post_596,News,2026-04-08,0.52,true
post_1064,Esports,2026-04-12,0.97,true
post_1206,Rumor,2026-04-07,0.59,true
post_767,Meme,2026-04-01,0.45,true
post_1917,Esports,2026-04-21,0.38,false
post_1306,Fanart,2026-04-24,0.12,true
post_1616,Esports,2026-04-13,0.78,false
post_1769,Fanart,2026-04-19,0.42,true
post_970,Question,2026-04-22,0.58,true
post_1718,Spoiler,2026-04-21,0.4,true
post_1821,Discussion,2026-04-23,0.79,true
post_630,Review,2026-04-03,0.3,true
post_38,Meme,2026-04-05,0.57,false
post_1590,Guide,2026-04-08,0.59,false
post_464,Rumor,2026-04-18,0.25,true
post_786,Esports,2026-04-15,0.16,true
post_378,News,2026-04-13,0.2,false
post_594,Review,2026-04-11,0.46,true
post_1984,Rumor,2026-04-10,0.75,true
post_1919,Spoiler,2026-04-10,0.87,true
post_14,Rumor,2026-04-06,0.14,false
post_1549,Review,2026-04-15,0.11,true
post_434,Meme,2026-04-25,1.0,true
post_370,Question,2026-04-15,0.25,true
post_515,Rumor,2026-04-13,0.54,true
post_1699,Spoiler,2026-04-05,0.3,true
post_1247,LFG,2026-04-09,0.49,true
post_1402,Discussion,2026-04-20,0.83,true
post_748,Guide,2026-04-26,0.49,false
post_1958,Fanart,2026-04-17,0.44,false
post_1458,Guide,2026-04-09,0.31,true
post_1722,Rumor,2026-04-11,0.14,true
post_254,LFG,2026-04-14,0.25,false
post_1608,Esports,2026-04-16,0.12,true
post_941,Review,2026-04-19,0.16,true
post_908,Spoiler,2026-04-28,0.55,true
post_332,Discussion,2026-04-03,0.82,true
post_1464,Esports,2026-04-18,0.73,true
post_297,Spoiler,2026-04-02,0.36,true
post_440,News,2026-04-06,0.65,false
post_54,Rumor,2026-04-12,0.73,false
post_695,Meme,2026-04-22,0.14,false
post_434,Esports,2026-04-04,0.93,true
post_1196,Guide,2026-04-07,0.82,false
post_293,Rumor,2026-04-17,0.72,false
post_1113,Rumor,2026-04-16,0.62,false
post_659,News,2026-04-20,0.8,false
post_1433,Meme,2026-04-01,0.13,true
post_177,Rumor,2026-04-03,0.84,false
post_1506,Meme,2026-04-02,0.86,true
post_409,Rumor,2026-04-05,0.28,false
post_1220,Meme,2026-04-20,0.81,false
post_1909,Question,2026-04-17,0.7,true
post_1541,Esports,2026-04-24,0.77,false
post_1972,News,2026-04-01,0.8,true
post_1608,Esports,2026-04-18,0.95,false
post_0,Spoiler,2026-04-15,0.15,false
post_536,Guide,2026-04-16,0.25,false
post_1110,Guide,2026-04-12,0.82,false
post_1092,News,2026-04-22,0.91,false
post_1706,Discussion,2026-04-04,0.31,false
post_79,Question,2026-04-25,0.28,true
post_1155,Guide,2026-04-15,0.61,true
post_775,Rumor,2026-04-18,0.89,false
post_1447,Esports,2026-04-17,0.46,false
post_1383,LFG,2026-04-21,0.9,true
post_294,Spoiler,2026-04-08,0.65,false
post_1714,Guide,2026-04-09,0.24,true
post_618,Guide,2026-04-12,0.42,false
post_269,Guide,2026-04-14,0.13,true
post_1414,LFG,2026-04-28,0.13,true
post_706,Discussion,2026-04-01,0.66,true
post_673,Fanart,2026-04-27,0.82,true
post_82,News,2026-04-23,0.87,true
post_532,LFG,2026-04-18,0.43,false
post_1225,Guide,2026-04-08,0.18,true
post_137,Rumor,2026-04-12,0.62,false
post_628,Esports,2026-04-07,0.28,true
post_818,Guide,2026-04-28,0.75,true
post_258,Fanart,2026-04-08,0.56,false
post_99,Meme,2026-04-02,0.81,false
post_835,News,2026-04-26,0.89,false
post_1723,Spoiler,2026-04-09,0.28,false
post_1840,Rumor,2026-04-13,0.87,true
post_942,Fanart,2026-04-19,0.34,true
post_1010,Rumor,2026-04-17,0.91,false
post_1412,Spoiler,2026-04-19,0.44,true
post_1190,Spoiler,2026-04-14,0.6,false
post_1677,News,2026-04-13,0.57,true
post_1954,Guide,2026-04-04,0.26,true
post_901,Discussion,2026-04-12,0.19,false
post_827,Discussion,2026-04-13,0.35,true
post_1668,Meme,2026-04-19,0.16,true
post_378,LFG,2026-04-10,0.77,true
post_1579,Esports,2026-04-18,0.58,true
post_1408,Spoiler,2026-04-04,0.89,true
post_1323,Discussion,2026-04-04,0.12,false
post_1429,Discussion,2026-04-11,0.56,false
post_1456,LFG,2026-04-25,0.75,false
post_1273,Question,2026-04-26,0.99,true
post_720,Question,2026-04-13,0.49,false
post_464,Spoiler,2026-04-24,0.32,true
post_1523,LFG,2026-04-10,0.31,false
post_1298,Review,2026-04-03,0.36,true
post_1442,LFG,2026-04-22,0.88,false
post_785,Rumor,2026-04-09,0.91,false
post_575,Rumor,2026-04-06,0.94,true
post_270,Fanart,2026-04-17,0.82,true
post_991,Review,2026-04-12,0.78,false
post_966,LFG,2026-04-05,0.15,false
post_296,Review,2026-04-13,0.29,true
post_160,Rumor,2026-04-19,0.54,false
post_1337,Meme,2026-04-13,0.72,true
post_1258,Rumor,2026-04-17,0.41,false
post_1284,Meme,2026-04-04,0.91,true
post_252,Rumor,2026-04-06,0.36,true
post_1199,Review,2026-04-16,0.54,true
post_50,Guide,2026-04-01,0.59,false
post_1778,Guide,2026-04-17,0.33,false
post_572,News,2026-04-24,0.23,true
post_741,Esports,2026-04-18,0.94,false
post_1935,News,2026-04-10,0.8,true
post_1876,Discussion,2026-04-19,0.97,false
post_374,Review,2026-04-11,0.65,false
post_1685,Esports,2026-04-22,0.11,true
post_1690,Meme,2026-04-27,0.79,true
post_1880,Esports,2026-04-09,0.74,true
post_165,Esports,2026-04-27,0.36,true
post_1541,Rumor,2026-04-02,0.14,false
post_562,News,2026-04-23,0.45,true
post_299,Review,2026-04-27,0.8,true
post_900,Esports,2026-04-07,0.63,false
post_1795,Review,2026-04-08,0.91,false
post_1960,News,2026-04-05,0.53,false
post_818,News,2026-04-22,0.86,true
post_1252,Spoiler,2026-04-15,0.66,true
post_751,Fanart,2026-04-21,0.42,true
post_1742,LFG,2026-04-26,0.13,false
post_957,Esports,2026-04-01,0.46,true
post_709,Meme,2026-04-08,0.86,true
post_1586,Review,2026-04-11,0.1,false
post_962,Rumor,2026-04-15,0.35,true
post_1180,LFG,2026-04-10,0.54,false
post_356,Guide,2026-04-18,0.42,false
post_711,Rumor,2026-04-12,0.35,false
post_1708,Spoiler,2026-04-05,0.7,false
post_26,Esports,2026-04-03,0.14,true
post_169,Meme,2026-04-16,0.98,false
post_1413,Esports,2026-04-15,0.37,false
post_378,Question,2026-04-04,0.59,false
post_1437,Question,2026-04-23,0.13,true
post_1809,Esports,2026-04-13,0.36,true
post_484,Esports,2026-04-08,0.36,true
post_1434,Question,2026-04-04,0.65,true
post_120,Meme,2026-04-18,0.18,false
post_1799,News,2026-04-03,0.75,true
post_499,Question,2026-04-23,0.36,false
post_893,Discussion,2026-04-26,0.6,false
post_389,Fanart,2026-04-24,0.47,false
post_1178,LFG,2026-04-08,0.39,true
post_1719,News,2026-04-27,0.64,false
post_266,Guide,2026-04-11,0.54,false
post_1987,Question,2026-04-20,0.52,false
post_1083,Rumor,2026-04-08,0.28,true
post_110,Meme,2026-04-13,0.95,true
post_621,Question,2026-04-09,0.67,false
post_1848,Fanart,2026-04-07,0.21,false
post_260,Discussion,2026-04-17,0.39,true
post_1018,News,2026-04-27,0.13,false
post_1593,Spoiler,2026-04-05,0.71,true
post_1241,Review,2026-04-26,0.86,false
post_228,Question,2026-04-04,0.19,true
post_1289,Esports,2026-04-23,0.92,true
post_1404,Guide,2026-04-23,0.51,false
post_1393,Discussion,2026-04-27,0.89,false
post_729,Guide,2026-04-22,0.86,true
post_689,Guide,2026-04-02,0.8,true
post_1777,Question,2026-04-02,0.64,false
post_950,Esports,2026-04-06,0.72,true
post_1512,Rumor,2026-04-01,0.7,true
post_372,Rumor,2026-04-06,0.91,false
post_1388,Guide,2026-04-21,0.39,false
post_1240,Discussion,2026-04-04,0.69,false
post_1894,LFG,2026-04-04,0.4,true
post_1963,Esports,2026-04-03,0.56,false
post_177,Question,2026-04-05,0.35,true
post_93,Review,2026-04-07,0.5,true
post_148,Discussion,2026-04-12,0.91,true
post_1126,Guide,2026-04-08,0.12,true
post_1073,Esports,2026-04-13,0.91,true
post_762,Guide,2026-04-13,0.6,false
post_1747,Guide,2026-04-25,0.13,true
post_1373,Meme,2026-04-26,0.25,true
post_858,Discussion,2026-04-03,0.6,true
post_386,News,2026-04-17,0.48,true
post_1939,Esports,2026-04-27,0.96,true
post_328,LFG,2026-04-27,0.56,true
post_1162,Meme,2026-04-24,0.21,true
post_1074,Meme,2026-04-20,0.11,true
post_574,Meme,2026-04-17,0.35,false
post_324,News,2026-04-21,0.28,true
post_258,Esports,2026-04-25,0.48,false
post_832,Question,2026-04-04,0.57,true
post_492,News,2026-04-24,0.93,true
post_1511,News,2026-04-21,0.52,true
post_1147,Meme,2026-04-16,0.45,true
post_1411,News,2026-04-23,0.9,false
post_493,Meme,2026-04-17,0.38,false
post_371,News,2026-04-10,0.38,true
post_433,Discussion,2026-04-15,0.46,false
post_183,LFG,2026-04-02,0.26,true
post_1973,Review,2026-04-07,0.24,true
post_1522,Guide,2026-04-28,0.73,true
post_234,Esports,2026-04-15,0.63,false
post_1844,Review,2026-04-11,0.61,false
post_169,Question,2026-04-12,0.4,false
post_1885,Fanart,2026-04-07,0.99,false
post_214,Guide,2026-04-28,0.13,true
post_418,Guide,2026-04-26,0.82,false
post_766,Question,2026-04-12,0.69,false
post_387,Rumor,2026-04-16,0.54,true
post_566,LFG,2026-04-18,0.66,false
post_1545,Discussion,2026-04-12,0.3,false
post_1,Fanart,2026-04-13,0.42,true
post_1713,Esports,2026-04-26,0.46,true
post_624,Guide,2026-04-12,0.72,true
post_1289,Spoiler,2026-04-13,0.36,true
post_1947,Rumor,2026-04-14,0.93,true
post_492,Esports,2026-04-22,0.27,true
post_1106,Meme,2026-04-21,0.38,false
post_1139,Esports,2026-04-27,0.63,false
post_339,Discussion,2026-04-03,0.24,true
post_240,Meme,2026-04-16,0.96,true
post_94,Meme,2026-04-21,0.22,true
post_1685,Discussion,2026-04-14,0.34,true
post_1214,Rumor,2026-04-02,0.95,false
post_671,Fanart,2026-04-14,0.11,true
post_1734,Discussion,2026-04-01,0.59,true
post_1023,News,2026-04-07,0.97,true
post_802,Question,2026-04-06,0.22,true
post_1447,Question,2026-04-22,0.35,true
post_1072,Discussion,2026-04-17,0.69,false
post_290,Esports,2026-04-16,0.73,true
post_426,Question,2026-04-11,0.73,true
post_1787,LFG,2026-04-04,0.22,true
post_794,Esports,2026-04-07,0.7,true
post_1814,Question,2026-04-19,0.29,true
post_637,Rumor,2026-04-06,0.27,false
post_1784,Discussion,2026-04-05,0.54,false
post_901,Question,2026-04-28,0.13,true
post_109,Spoiler,2026-04-19,0.55,false
post_406,Rumor,2026-04-05,0.11,true
post_330,Esports,2026-04-16,0.61,true
post_1246,News,2026-04-08,0.91,false
post_1873,News,2026-04-25,0.27,false
post_1798,Review,2026-04-19,0.95,false
post_1492,Question,2026-04-09,0.6,true
post_362,Rumor,2026-04-03,0.34,true
post_983,Esports,2026-04-22,0.84,false
post_786,Esports,2026-04-14,0.16,true
post_1630,Fanart,2026-04-25,0.62,true
post_894,Guide,2026-04-23,0.62,true
post_1714,Esports,2026-04-06,0.32,true
post_1344,Discussion,2026-04-20,0.44,true
post_431,Review,2026-04-02,0.45,true
post_480,Discussion,2026-04-11,0.95,true
post_1275,Question,2026-04-15,0.7,false
post_848,Fanart,2026-04-14,0.5,true
post_1793,Review,2026-04-15,0.52,false
post_925,Question,2026-04-19,0.69,false
post_1670,Guide,2026-04-26,0.71,true
post_608,Guide,2026-04-06,0.4,false
post_539,Meme,2026-04-21,0.97,true
post_1889,Fanart,2026-04-05,0.55,true
post_1298,Fanart,2026-04-10,0.21,true
post_67,Spoiler,2026-04-20,0.48,true
post_1320,Discussion,2026-04-26,0.49,false
post_1573,Guide,2026-04-06,0.38,false
post_1936,Question,2026-04-10,0.39,true
post_351,News,2026-04-06,0.67,true
post_297,Review,2026-04-04,0.46,true
post_1698,Rumor,2026-04-16,0.96,false
post_556,Meme,2026-04-14,0.95,false
post_1157,News,2026-04-02,0.27,false
post_172,Question,2026-04-09,0.56,true
post_127,News,2026-04-11,0.67,false
post_1005,Guide,2026-04-05,0.65,true
post_1638,Esports,2026-04-28,0.44,false
post_1109,Rumor,2026-04-08,0.84,false
post_1582,Esports,2026-04-27,0.99,true
post_1147,Rumor,2026-04-11,0.41,true
post_66,News,2026-04-09,0.44,false
post_485,LFG,2026-04-27,0.58,true
post_724,Spoiler,2026-04-08,0.48,true
post_367,News,2026-04-09,0.21,false
post_1775,Question,2026-04-04,0.87,true
post_759,Question,2026-04-24,0.44,true
post_500,News,2026-04-18,0.21,true
post_1802,Rumor,2026-04-08,0.21,false
post_1748,Spoiler,2026-04-05,0.89,true
post_1079,Fanart,2026-04-08,0.11,true
post_1591,Guide,2026-04-03,0.61,false
post_988,Rumor,2026-04-05,0.22,false
post_1331,Rumor,2026-04-13,0.14,true
post_955,Fanart,2026-04-25,0.58,true
post_1798,Rumor,2026-04-12,0.68,false
post_1189,Discussion,2026-04-17,0.24,true
post_468,LFG,2026-04-09,0.77,true
post_811,Guide,2026-04-14,0.37,true
post_300,Question,2026-04-17,0.16,false
post_185,Discussion,2026-04-22,0.53,false
post_413,Fanart,2026-04-26,0.63,true
post_17,Fanart,2026-04-01,0.47,true
post_1200,Meme,2026-04-25,0.12,true
post_1187,News,2026-04-24,0.88,true
post_1035,Esports,2026-04-22,0.5,true
post_378,Discussion,2026-04-03,0.89,true
post_1759,Rumor,2026-04-09,0.88,false
post_2,Guide,2026-04-02,0.84,false
post_1614,Discussion,2026-04-16,0.69,false
post_1408,Meme,2026-04-06,0.9,false
post_1500,News,2026-04-13,0.98,true
post_1201,Question,2026-04-05,0.52,true
post_1145,Question,2026-04-12,0.44,true
post_808,Discussion,2026-04-27,0.85,false
post_1440,Discussion,2026-04-19,0.78,false
post_1305,Meme,2026-04-22,0.29,false
post_343,Review,2026-04-08,0.2,false
post_1965,Fanart,2026-04-19,0.21,true
post_545,Guide,2026-04-16,0.24,false
post_1096,Review,2026-04-05,0.52,false
post_1227,Meme,2026-04-02,0.25,true
post_1345,Fanart,2026-04-16,0.64,true
post_1740,LFG,2026-04-19,0.63,true
post_1959,Rumor,2026-04-11,0.54,false
post_1034,Spoiler,2026-04-12,0.64,true
post_1613,Guide,2026-04-06,0.37,false
post_1005,Review,2026-04-18,0.47,true
post_1081,LFG,2026-04-12,0.47,true
post_1524,LFG,2026-04-06,0.86,true
post_885,Spoiler,2026-04-05,0.43,false
post_1385,Discussion,2026-04-18,0.13,false
post_1990,News,2026-04-20,0.81,true
post_870,Meme,2026-04-21,0.53,true
post_1881,Meme,2026-04-09,0.64,false
post_1279,Spoiler,2026-04-23,0.25,false
post_1569,Esports,2026-04-13,0.63,false
post_1558,Guide,2026-04-23,0.87,true
post_1713,Question,2026-04-15,0.83,false
post_1135,Esports,2026-04-22,0.55,true
post_263,LFG,2026-04-24,0.67,true
post_670,Question,2026-04-17,0.22,false
post_1732,Esports,2026-04-25,0.65,false
post_909,Review,2026-04-09,0.63,true
post_847,Fanart,2026-04-27,0.73,true
post_1864,Esports,2026-04-13,0.59,true
post_1383,Review,2026-04-14,0.5,true
post_844,Discussion,2026-04-01,0.18,false
post_1234,Spoiler,2026-04-07,0.73,true
post_1245,Fanart,2026-04-19,0.19,false
post_699,Esports,2026-04-19,0.69,true
post_1435,News,2026-04-17,0.98,true
post_772,Esports,2026-04-18,0.7,true
post_1362,News,2026-04-18,0.95,true
post_104,Fanart,2026-04-27,0.98,true
post_1302,Fanart,2026-04-21,0.68,true
post_652,News,2026-04-04,0.13,false
post_621,Fanart,2026-04-26,0.46,true
post_1597,News,2026-04-22,0.26,false
post_1672,Meme,2026-04-18,0.39,true
post_1705,Fanart,2026-04-15,0.69,false
post_1810,Guide,2026-04-18,0.93,false
post_1755,Esports,2026-04-19,0.36,false
post_1044,Question,2026-04-28,0.46,true
post_261,Guide,2026-04-11,0.94,true
post_690,News,2026-04-18,0.53,true
post_992,Fanart,2026-04-08,0.13,false
post_1202,Rumor,2026-04-19,0.79,false
post_173,Esports,2026-04-12,0.53,false
post_1267,Spoiler,2026-04-18,0.56,false
post_1329,Review,2026-04-07,0.61,true
post_618,Fanart,2026-04-03,0.57,false
post_1439,Discussion,2026-04-25,0.7,false
post_1898,Meme,2026-04-19,0.25,false
post_1287,Discussion,2026-04-21,0.8,false
post_196,Guide,2026-04-22,0.29,false
post_552,Fanart,2026-04-20,0.72,true
post_1810,Esports,2026-04-11,0.54,false
post_474,Fanart,2026-04-03,0.29,true
post_1993,Question,2026-04-05,0.92,false
post_1338,News,2026-04-25,0.27,true
post_715,Esports,2026-04-26,0.3,false
post_689,Review,2026-04-10,0.18,true
post_746,Meme,2026-04-01,0.68,false
post_575,Esports,2026-04-27,0.42,false
post_577,Fanart,2026-04-06,0.71,false
post_1341,Spoiler,2026-04-23,0.73,false
post_1432,Meme,2026-04-11,0.94,false
post_272,News,2026-04-10,0.71,false
post_1780,Question,2026-04-01,0.48,false
post_134,Review,2026-04-18,0.21,false
post_1065,Spoiler,2026-04-13,0.94,false
post_62,Spoiler,2026-04-15,0.4,false
post_1749,Discussion,2026-04-26,0.33,true
post_1048,News,2026-04-03,0.49,true
post_733,Guide,2026-04-04,0.25,false
post_94,News,2026-04-04,0.49,true
post_1835,News,2026-04-06,0.59,false
post_1835,Spoiler,2026-04-14,0.45,true
post_147,News,2026-04-12,0.39,false
post_619,LFG,2026-04-23,0.56,true
post_1559,Question,2026-04-17,0.9,false
post_1738,Review,2026-04-12,0.82,true
post_761,Question,2026-04-25,0.37,false
post_1727,Spoiler,2026-04-28,0.3,false
post_175,Review,2026-04-09,0.27,false
post_1276,News,2026-04-10,0.25,true
post_734,Fanart,2026-04-20,0.37,true
post_696,Meme,2026-04-13,0.54,true
post_1624,Review,2026-04-22,0.89,true
post_1576,Meme,2026-04-08,0.41,true
post_1760,Review,2026-04-14,0.49,true
post_322,Fanart,2026-04-27,0.63,false
post_736,Question,2026-04-05,0.17,true
post_1779,Fanart,2026-04-03,0.37,true
post_873,Rumor,2026-04-27,0.94,false
post_258,Spoiler,2026-04-17,0.49,true
post_712,News,2026-04-17,0.7,false
post_459,LFG,2026-04-14,0.96,true
post_533,Fanart,2026-04-05,0.5,true
post_1900,Discussion,2026-04-10,0.19,false
post_1923,Spoiler,2026-04-24,0.1,false
post_23,Question,2026-04-12,0.67,false
post_1374,Question,2026-04-24,0.11,false
post_252,Discussion,2026-04-02,0.31,false
post_1874,Review,2026-04-03,0.44,true
post_1079,Fanart,2026-04-24,0.3,true
post_154,Review,2026-04-21,0.94,true
post_1958,Rumor,2026-04-15,0.29,false
post_1085,Guide,2026-04-18,0.33,false
post_1505,Question,2026-04-01,0.59,true
post_1331,Fanart,2026-04-19,0.75,true
post_604,Discussion,2026-04-10,0.45,false
post_1185,Meme,2026-04-07,0.85,false
post_686,Question,2026-04-24,0.98,false
post_697,Rumor,2026-04-19,0.33,true
post_861,Review,2026-04-20,0.63,true
post_1639,Meme,2026-04-24,0.39,false
post_244,Esports,2026-04-13,0.19,false
post_1433,News,2026-04-23,0.26,true
post_1983,Question,2026-04-10,0.14,false
post_1189,News,2026-04-06,0.68,false
post_120,News,2026-04-14,0.39,true
post_669,News,2026-04-18,0.7,false
post_1670,Esports,2026-04-13,0.22,true
post_1596,Question,2026-04-05,0.2,true
post_480,Discussion,2026-04-21,0.7,true
post_1832,Guide,2026-04-23,0.83,true
post_1671,Spoiler,2026-04-09,0.5,false
post_264,LFG,2026-04-15,0.88,false
post_1473,Esports,2026-04-22,0.97,false
post_1564,Spoiler,2026-04-20,0.81,true
post_1868,Rumor,2026-04-23,0.69,true
post_265,Spoiler,2026-04-22,0.67,false
post_1183,LFG,2026-04-19,0.33,false
post_1670,Spoiler,2026-04-06,0.45,true
post_215,Question,2026-04-15,0.84,true
post_82,Review,2026-04-24,0.22,false
post_1216,Meme,2026-04-21,0.19,true
post_161,Discussion,2026-04-20,0.88,false
post_312,Discussion,2026-04-09,0.58,false
post_986,News,2026-04-10,0.55,false
post_1755,Discussion,2026-04-18,0.75,false
post_123,Spoiler,2026-04-03,0.25,true
post_1500,Meme,2026-04-07,0.67,false
post_969,Rumor,2026-04-23,0.56,false
post_1029,Spoiler,2026-04-24,0.38,true
post_184,Spoiler,2026-04-08,0.88,true
post_125,Esports,2026-04-07,0.63,false
post_1288,Spoiler,2026-04-15,0.45,false
post_1268,Spoiler,2026-04-23,0.56,true
post_1074,LFG,2026-04-20,0.44,true
post_598,Review,2026-04-03,0.43,false
post_1121,Meme,2026-04-10,0.52,false
post_222,Esports,2026-04-03,0.1,true
post_1785,Question,2026-04-26,0.74,false
post_1788,Guide,2026-04-12,0.28,false
post_1119,Esports,2026-04-03,0.27,false
post_150,LFG,2026-04-16,0.65,false
post_1725,Esports,2026-04-25,0.92,false
post_660,Meme,2026-04-14,0.23,false
post_255,Spoiler,2026-04-12,0.41,true
post_1602,Review,2026-04-23,0.79,true
post_1208,Discussion,2026-04-15,0.51,false
post_1664,LFG,2026-04-08,0.34,true
post_340,News,2026-04-11,0.39,false
post_671,Meme,2026-04-16,0.59,false
post_1698,Rumor,2026-04-22,0.18,false
post_1248,Fanart,2026-04-04,0.73,true
post_1398,LFG,2026-04-10,0.47,true
post_1433,Rumor,2026-04-10,0.82,false
post_574,Esports,2026-04-13,0.28,false
post_1440,Question,2026-04-26,0.97,false
post_17,LFG,2026-04-25,0.61,true
post_1426,Question,2026-04-10,0.32,true
post_1723,Review,2026-04-10,0.9,true
post_828,LFG,2026-04-28,0.27,false
post_845,Discussion,2026-04-15,0.8,false
post_1131,Review,2026-04-10,0.44,false
post_516,Fanart,2026-04-28,0.11,true
post_1320,Guide,2026-04-02,0.94,false
post_37,Discussion,2026-04-20,0.15,true
post_16,News,2026-04-01,0.14,true
post_1148,Esports,2026-04-06,0.23,false
post_1665,News,2026-04-06,0.97,true
post_1543,Spoiler,2026-04-06,0.47,false
post_698,Review,2026-04-19,0.73,true
post_156,Guide,2026-04-05,0.36,true
post_213,LFG,2026-04-22,0.7,false
post_671,Rumor,2026-04-11,0.76,false
post_1076,Discussion,2026-04-26,0.42,true
post_1307,Review,2026-04-10,0.69,false
post_196,Guide,2026-04-02,0.2,true
post_1576,LFG,2026-04-28,0.35,false
post_465,Question,2026-04-21,0.41,true
post_115,Guide,2026-04-05,0.38,true
post_1816,LFG,2026-04-01,0.62,false
post_1563,Fanart,2026-04-18,0.11,false
post_1726,Spoiler,2026-04-28,0.99,false
post_908,Discussion,2026-04-15,0.86,true
post_788,Meme,2026-04-23,0.95,false
post_500,Guide,2026-04-05,0.39,true
post_10,LFG,2026-04-04,0.82,true
post_1278,Guide,2026-04-13,0.89,true
post_815,Question,2026-04-13,0.64,true
post_879,News,2026-04-12,0.84,false
post_791,Spoiler,2026-04-09,0.16,true
post_535,Fanart,2026-04-02,0.62,false
post_1360,Esports,2026-04-07,0.82,false
post_1256,Fanart,2026-04-03,0.52,false
post_1115,Rumor,2026-04-14,0.95,false
post_110,LFG,2026-04-21,1.0,false
post_416,Spoiler,2026-04-13,0.47,true
post_1651,Fanart,2026-04-17,0.77,false
post_1235,Rumor,2026-04-09,0.72,false
post_1065,LFG,2026-04-08,0.46,true
post_1039,Esports,2026-04-22,0.51,true
post_164,Esports,2026-04-11,0.45,false
post_424,News,2026-04-28,0.38,true
post_1784,Fanart,2026-04-01,0.1,true
post_379,Meme,2026-04-15,0.68,false
post_1814,Discussion,2026-04-08,0.93,false
post_1558,LFG,2026-04-25,0.31,true
post_252,Meme,2026-04-12,0.28,true
post_163,Spoiler,2026-04-18,0.75,false
post_595,Discussion,2026-04-20,0.89,true
post_1024,Esports,2026-04-06,0.95,false
post_1619,Fanart,2026-04-10,0.37,false
post_386,Discussion,2026-04-27,0.58,false
post_1618,Review,2026-04-12,0.48,true
post_167,LFG,2026-04-11,0.35,false
post_670,Fanart,2026-04-18,0.42,false
post_540,Fanart,2026-04-09,0.41,false
post_1205,Rumor,2026-04-22,0.76,false
post_772,Discussion,2026-04-11,0.28,true
post_1449,Discussion,2026-04-09,0.38,false
post_1986,Question,2026-04-19,0.2,false
post_1323,Question,2026-04-07,0.18,true
post_633,Meme,2026-04-21,0.38,false
post_1016,Review,2026-04-12,0.69,true
post_1823,Guide,2026-04-15,0.14,false
post_1752,Spoiler,2026-04-23,0.34,false
post_21,Rumor,2026-04-04,0.96,true
post_748,Esports,2026-04-01,0.61,true
post_1427,Discussion,2026-04-06,0.72,false
post_336,Esports,2026-04-08,0.82,true
post_1323,Question,2026-04-06,0.45,true
post_403,News,2026-04-26,0.3,false
post_1350,Spoiler,2026-04-18,0.98,false
post_629,Review,2026-04-28,0.35,true
post_1467,Review,2026-04-12,0.88,false
post_274,News,2026-04-28,0.81,false
post_817,Spoiler,2026-04-03,0.75,false
post_1169,Fanart,2026-04-27,0.8,true
post_624,Rumor,2026-04-18,0.55,true
post_808,Review,2026-04-27,0.24,false
post_508,Rumor,2026-04-22,0.64,true
post_574,Discussion,2026-04-23,0.8,true
post_529,Review,2026-04-02,0.5,true
post_1649,Guide,2026-04-27,0.69,true
post_680,Rumor,2026-04-10,0.22,true
post_159,LFG,2026-04-12,0.64,true
post_1014,Esports,2026-04-27,0.93,true
post_348,News,2026-04-11,0.37,true
post_1039,Review,2026-04-21,0.99,false
post_569,LFG,2026-04-22,0.39,true
post_1252,LFG,2026-04-19,0.96,false
post_501,Meme,2026-04-21,0.15,true
post_129,Question,2026-04-25,0.46,false
post_1924,Review,2026-04-15,0.84,false
post_658,Esports,2026-04-17,0.44,false
post_1997,News,2026-04-01,0.89,false
post_1534,Spoiler,2026-04-02,0.6,false
post_870,Meme,2026-04-14,0.45,false
post_180,Review,2026-04-08,0.26,false
post_1409,Discussion,2026-04-19,0.22,false
post_1697,Meme,2026-04-01,0.54,false
post_1898,Rumor,2026-04-27,0.14,false
post_1693,LFG,2026-04-16,0.59,true
post_708,Guide,2026-04-01,0.3,true
post_8,Review,2026-04-11,0.51,true
post_688,Review,2026-04-04,0.8,false
post_670,Spoiler,2026-04-26,0.15,false
post_1672,Spoiler,2026-04-06,0.75,true
post_1763,Rumor,2026-04-18,0.91,false
post_1155,Discussion,2026-04-14,0.15,true
post_871,Rumor,2026-04-10,0.57,false
post_82,News,2026-04-17,0.23,true
post_639,Meme,2026-04-26,0.61,true
post_1688,Question,2026-04-21,0.35,false
post_360,Meme,2026-04-15,0.19,false
post_171,Rumor,2026-04-06,0.7,true
post_1292,Question,2026-04-10,0.72,true
post_782,Question,2026-04-26,0.66,false
post_334,Fanart,2026-04-13,0.91,true
post_1091,Spoiler,2026-04-04,0.55,false
post_1392,Esports,2026-04-20,0.22,true
post_1427,Rumor,2026-04-14,0.22,true
post_868,News,2026-04-16,0.61,false
post_974,Question,2026-04-28,0.92,false
post_204,Question,2026-04-02,0.46,true
post_1781,News,2026-04-02,0.97,false
post_657,Fanart,2026-04-13,0.4,false
post_352,Rumor,2026-04-27,0.67,true
post_1274,News,2026-04-04,0.28,false
post_316,LFG,2026-04-10,0.41,false
post_833,Esports,2026-04-25,0.77,true
post_1963,Guide,2026-04-08,0.39,false
post_541,Discussion,2026-04-25,0.83,true
post_1758,Meme,2026-04-22,0.23,true
post_601,Esports,2026-04-14,0.75,false
post_1802,Esports,2026-04-14,0.65,false
post_1946,LFG,2026-04-03,0.7,false
post_296,Esports,2026-04-21,0.74,false
post_1174,Fanart,2026-04-23,0.11,false
post_729,Discussion,2026-04-08,0.71,true
post_187,News,2026-04-26,0.69,true
post_1239,Fanart,2026-04-04,0.74,false
post_416,Guide,2026-04-26,0.33,false
post_555,Rumor,2026-04-19,0.77,false
post_313,Question,2026-04-18,0.49,true
post_459,Meme,2026-04-19,0.3,false
post_934,Question,2026-04-02,0.57,false
post_517,Question,2026-04-21,0.27,false
post_421,Spoiler,2026-04-02,0.52,false
post_1650,Spoiler,2026-04-13,0.51,false
post_1592,LFG,2026-04-04,0.62,true
post_1785,Spoiler,2026-04-01,0.89,false
post_1786,Esports,2026-04-06,0.29,false
post_7,Rumor,2026-04-24,0.57,true
post_163,Question,2026-04-19,0.27,false
post_56,Review,2026-04-01,0.22,false
post_505,News,2026-04-22,0.15,false
post_1153,Discussion,2026-04-27,0.44,true
post_301,Spoiler,2026-04-27,0.31,false
post_1319,LFG,2026-04-12,0.68,false
post_1363,Fanart,2026-04-01,0.58,true
post_865,News,2026-04-17,0.42,true
post_704,Esports,2026-04-19,0.71,true
post_1020,Esports,2026-04-17,0.12,true
post_718,Meme,2026-04-08,0.25,false
post_570,Meme,2026-04-20,0.93,false
post_757,LFG,2026-04-28,0.79,false
post_1604,Meme,2026-04-02,0.72,false
post_1610,Meme,2026-04-03,0.35,true
post_43,News,2026-04-08,0.98,true
post_507,Question,2026-04-13,0.57,true
post_1744,Discussion,2026-04-04,0.42,true
post_878,Discussion,2026-04-01,0.32,true
post_525,Guide,2026-04-10,0.2,false
post_814,Meme,2026-04-08,0.45,false
post_1430,Rumor,2026-04-07,0.4,false
post_802,LFG,2026-04-13,0.98,false
post_671,News,2026-04-04,0.34,false
post_1164,News,2026-04-17,0.35,true
post_1352,News,2026-04-20,0.44,false
post_423,LFG,2026-04-16,0.66,false
post_220,Review,2026-04-23,0.99,false
post_695,Question,2026-04-03,0.68,true
post_1374,News,2026-04-16,0.69,true
post_94,Fanart,2026-04-25,0.3,false
post_945,Review,2026-04-08,0.22,false
post_1591,Guide,2026-04-07,0.19,true
post_962,Guide,2026-04-09,0.59,true
post_231,Guide,2026-04-01,0.49,true
post_827,Discussion,2026-04-16,0.14,false
post_512,News,2026-04-12,0.11,false
post_1069,Rumor,2026-04-28,0.25,false
post_537,LFG,2026-04-10,0.49,true
post_809,Spoiler,2026-04-08,0.88,false
post_1611,Question,2026-04-06,0.89,true
post_15,Fanart,2026-04-26,0.85,false
post_1343,Review,2026-04-17,0.46,false
post_963,Review,2026-04-12,0.31,false
post_1385,Discussion,2026-04-14,0.36,true
post_80,LFG,2026-04-24,0.17,true
post_1637,Review,2026-04-03,0.85,false
post_657,Fanart,2026-04-26,0.93,false
post_1964,Esports,2026-04-04,0.9,true
post_268,Review,2026-04-10,0.9,true
post_1623,Discussion,2026-04-25,0.26,false
post_1508,Review,2026-04-06,0.81,false
post_1412,Guide,2026-04-19,0.15,false
post_1022,Discussion,2026-04-10,0.17,false
post_1557,Review,2026-04-28,0.72,false
post_1651,LFG,2026-04-04,0.72,false
post_89,Guide,2026-04-20,0.59,true
post_481,News,2026-04-17,0.18,true
post_240,Review,2026-04-14,0.43,true
post_86,LFG,2026-04-15,0.19,true
post_377,Fanart,2026-04-11,0.88,true
post_1394,LFG,2026-04-23,0.99,true
post_18,Guide,2026-04-19,0.71,true
post_803,Review,2026-04-19,0.68,true
post_1805,Review,2026-04-16,0.82,true
post_532,LFG,2026-04-09,0.5,false
post_1883,Review,2026-04-08,0.21,true
post_1317,Guide,2026-04-28,0.27,false
post_945,Guide,2026-04-09,0.8,false
post_1628,Review,2026-04-02,0.73,true
post_345,Question,2026-04-27,0.49,true
post_204,Guide,2026-04-22,0.32,false
post_1571,Rumor,2026-04-17,0.31,true
post_1266,Discussion,2026-04-03,0.41,false
post_489,Rumor,2026-04-20,0.66,false
post_1162,LFG,2026-04-05,0.75,false
post_905,Rumor,2026-04-01,0.38,true
post_1773,Fanart,2026-04-14,0.82,false
post_380,Discussion,2026-04-25,0.38,true
post_1821,News,2026-04-08,0.52,true
post_1098,Rumor,2026-04-03,0.92,true
post_1074,Esports,2026-04-19,0.13,true
post_1855,Meme,2026-04-14,0.52,true
post_49,Fanart,2026-04-26,0.78,false
post_386,News,2026-04-05,0.63,true
post_792,News,2026-04-01,0.26,true
post_1961,Review,2026-04-06,0.82,false
post_1120,Rumor,2026-04-10,0.97,true
post_970,Rumor,2026-04-13,0.75,false
post_1136,News,2026-04-14,0.35,true
post_1488,Meme,2026-04-18,0.19,true
post_601,Spoiler,2026-04-23,0.89,false
post_1227,News,2026-04-02,1.0,false
post_1040,Fanart,2026-04-12,0.9,false
post_1373,Guide,2026-04-16,0.76,false
post_317,Fanart,2026-04-05,0.33,false
post_302,Guide,2026-04-01,0.39,false
post_1877,LFG,2026-04-08,0.5,false
post_1279,LFG,2026-04-24,0.58,true
post_429,Esports,2026-04-18,0.33,true
post_165,LFG,2026-04-10,0.37,true
post_1397,News,2026-04-16,0.26,true
post_1527,Fanart,2026-04-16,0.89,true
post_758,Fanart,2026-04-20,0.52,false
post_1601,Guide,2026-04-01,0.41,false
post_1200,Spoiler,2026-04-18,0.84,true
post_903,Rumor,2026-04-09,0.15,true
post_1661,Guide,2026-04-08,0.73,false
post_1299,LFG,2026-04-04,0.13,false
post_191,Question,2026-04-22,0.93,false
post_1484,Fanart,2026-04-25,0.57,false
post_133,Discussion,2026-04-23,0.71,true
post_1878,Question,2026-04-26,0.59,true
post_79,Rumor,2026-04-10,0.22,false
post_1183,Question,2026-04-15,0.9,true
post_1419,Discussion,2026-04-05,0.13,false
post_1827,LFG,2026-04-22,0.29,true
post_743,Fanart,2026-04-19,0.21,false
post_1534,Rumor,2026-04-28,0.65,false
post_798,Spoiler,2026-04-16,0.53,true
post_850,Fanart,2026-04-04,0.19,false
post_338,Spoiler,2026-04-26,0.62,true
post_1833,LFG,2026-04-20,0.59,false
post_44,Discussion,2026-04-13,0.61,true
post_666,Fanart,2026-04-11,0.12,false
post_86,Fanart,2026-04-06,0.48,false
post_622,Spoiler,2026-04-04,0.34,false
post_1580,Rumor,2026-04-10,0.18,false
post_1646,LFG,2026-04-04,0.71,true
post_1195,Guide,2026-04-22,0.14,false
post_879,News,2026-04-11,0.15,false
post_15,Discussion,2026-04-25,0.98,false
post_1615,Fanart,2026-04-28,0.72,false
post_504,News,2026-04-19,0.28,true
post_1068,Esports,2026-04-01,0.67,false
post_1156,Review,2026-04-04,0.64,true
post_88,News,2026-04-20,0.14,true
post_969,Discussion,2026-04-25,0.47,false
post_619,Meme,2026-04-23,0.16,true
post_681,News,2026-04-06,0.87,false
post_1810,Meme,2026-04-26,0.51,false
post_1278,News,2026-04-18,0.26,false
post_1106,Review,2026-04-26,0.58,true
post_1009,Fanart,2026-04-23,0.1,false
post_1475,News,2026-04-19,0.15,false
post_711,Spoiler,2026-04-01,0.62,true
post_531,Spoiler,2026-04-20,0.94,false
post_915,Discussion,2026-04-11,0.96,false
post_974,Guide,2026-04-01,0.56,true
post_1894,Question,2026-04-10,0.14,true
post_1429,LFG,2026-04-13,0.71,true
post_1613,Fanart,2026-04-23,0.71,false
post_652,News,2026-04-18,0.73,true
post_1989,Guide,2026-04-07,0.14,false
post_8,News,2026-04-19,0.72,false
post_1767,News,2026-04-06,0.39,true
post_1373,Esports,2026-04-09,0.5,true
post_1636,News,2026-04-18,0.28,false
post_1027,Guide,2026-04-06,0.39,true
post_774,Discussion,2026-04-13,0.83,false
post_415,Rumor,2026-04-24,0.3,true
post_356,Review,2026-04-06,0.59,false
post_1561,News,2026-04-07,0.4,true
post_1261,Spoiler,2026-04-10,0.19,true
post_846,Rumor,2026-04-02,0.29,false
post_1936,Rumor,2026-04-19,0.2,false
post_1339,Meme,2026-04-13,0.97,true
post_711,Review,2026-04-02,0.58,false
post_301,LFG,2026-04-26,0.73,false
post_1981,Rumor,2026-04-21,0.55,false
post_1022,Review,2026-04-25,0.2,false
post_1285,Spoiler,2026-04-15,0.35,true
post_57,Question,2026-04-24,0.28,true
post_1750,Fanart,2026-04-25,0.5,true
post_1596,Review,2026-04-09,0.94,false
post_1927,Question,2026-04-02,0.11,false
post_506,Review,2026-04-12,0.21,true
post_619,Meme,2026-04-07,0.39,false
post_919,Meme,2026-04-23,0.92,true
post_707,LFG,2026-04-04,0.3,false
post_1948,Esports,2026-04-11,0.16,false
post_1993,Meme,2026-04-26,0.93,false
post_1983,LFG,2026-04-26,0.21,false
post_1429,Discussion,2026-04-16,0.41,false
post_80,Discussion,2026-04-25,0.42,false
post_531,Review,2026-04-05,0.3,true
post_13,Spoiler,2026-04-18,0.93,false
post_1515,Meme,2026-04-03,0.62,true
post_965,Fanart,2026-04-13,0.72,true
post_944,LFG,2026-04-04,0.34,true
post_1700,Esports,2026-04-20,0.84,true
post_639,Meme,2026-04-21,0.69,true
post_199,Discussion,2026-04-23,0.86,false
post_1134,Guide,2026-04-11,0.85,false
post_649,Guide,2026-04-27,0.89,true
post_268,Discussion,2026-04-11,0.94,true
post_797,Question,2026-04-28,0.62,true
post_583,Meme,2026-04-25,0.98,true
post_1487,Esports,2026-04-11,0.68,true
post_542,Fanart,2026-04-06,0.29,true
post_1117,Question,2026-04-10,0.54,true
post_41,Fanart,2026-04-09,0.59,false
post_461,Rumor,2026-04-21,0.45,true
post_624,News,2026-04-02,0.16,false
post_127,Guide,2026-04-23,0.96,true
post_1552,Fanart,2026-04-09,0.88,false
post_9,Fanart,2026-04-23,0.72,false
post_184,Discussion,2026-04-05,0.37,true
post_990,LFG,2026-04-13,0.22,false
post_956,LFG,2026-04-27,0.12,false
post_1724,News,2026-04-11,0.95,false
post_696,News,2026-04-16,0.88,false
post_1252,Discussion,2026-04-18,0.74,true
post_1679,Spoiler,2026-04-04,0.75,false
post_1497,Meme,2026-04-16,0.28,true
post_733,Spoiler,2026-04-11,0.46,false
post_791,Meme,2026-04-20,0.76,true
post_1777,Esports,2026-04-20,0.68,false
post_15,LFG,2026-04-27,0.43,false
post_456,Meme,2026-04-14,0.54,false
post_535,News,2026-04-28,0.93,true
post_1909,Meme,2026-04-14,0.6,false
post_168,LFG,2026-04-18,0.25,false
post_1133,Esports,2026-04-03,0.9,false
post_1047,Question,2026-04-11,0.58,false
post_1756,Fanart,2026-04-08,0.8,true
post_607,Rumor,2026-04-16,0.44,true
post_1494,Question,2026-04-11,0.39,true
post_832,Guide,2026-04-13,0.39,true
post_1423,Discussion,2026-04-25,0.25,false
post_1895,Spoiler,2026-04-25,0.7,false
post_712,Fanart,2026-04-28,0.68,true
post_235,Meme,2026-04-11,0.34,false
post_882,Review,2026-04-02,0.98,false
post_762,LFG,2026-04-22,0.44,true
post_805,Esports,2026-04-12,0.11,false
post_327,Discussion,2026-04-20,0.33,false
post_456,News,2026-04-16,0.21,true
post_1041,Fanart,2026-04-05,0.55,false
post_1549,Fanart,2026-04-18,0.22,false
post_1785,Esports,2026-04-27,0.57,false
post_511,Rumor,2026-04-21,0.42,true
post_189,Question,2026-04-02,0.24,false
post_1358,News,2026-04-19,0.79,true
post_417,Review,2026-04-10,0.29,true
post_1605,Rumor,2026-04-05,0.8,false
post_387,Question,2026-04-19,0.17,true
post_834,Meme,2026-04-21,0.38,true
post_666,Discussion,2026-04-21,0.47,false
post_1156,LFG,2026-04-24,0.79,false
post_1496,News,2026-04-27,0.15,false
post_376,Guide,2026-04-01,0.44,true
post_1548,Question,2026-04-15,0.34,true
post_1964,Review,2026-04-18,0.36,true
post_1643,Fanart,2026-04-07,0.15,true
post_559,Guide,2026-04-06,0.56,false
post_612,Discussion,2026-04-23,0.68,false
post_809,News,2026-04-19,0.59,false
post_402,Spoiler,2026-04-13,0.36,false
post_1351,Question,2026-04-15,0.53,true
post_782,Guide,2026-04-01,0.93,true
post_247,Discussion,2026-04-11,0.84,true
post_1743,Guide,2026-04-23,0.57,true
post_915,Spoiler,2026-04-20,0.36,true
post_1518,Discussion,2026-04-16,0.67,true
post_513,Review,2026-04-12,0.67,false
post_1765,Discussion,2026-04-25,0.34,true
post_1723,News,2026-04-06,0.1,false
post_1648,Fanart,2026-04-24,0.4,true
post_1813,Fanart,2026-04-17,0.83,false
post_1378,Esports,2026-04-26,0.84,false
post_1515,Review,2026-04-06,0.19,false
post_1384,Spoiler,2026-04-13,0.38,true
post_1435,News,2026-04-02,0.8,false
post_142,Esports,2026-04-14,0.8,false
post_64,Question,2026-04-11,0.84,true
post_1986,Spoiler,2026-04-26,0.18,false
post_276,Review,2026-04-27,0.78,true
post_373,Question,2026-04-07,0.79,false
post_818,News,2026-04-27,0.54,false
post_1286,LFG,2026-04-14,0.12,false
post_941,Spoiler,2026-04-09,0.9,false
post_384,LFG,2026-04-01,0.85,false
post_599,LFG,2026-04-11,0.5,false
post_367,Esports,2026-04-17,0.77,false
post_737,Rumor,2026-04-14,0.48,false
post_712,News,2026-04-09,0.1,true
post_487,Discussion,2026-04-21,0.25,false
post_1402,Discussion,2026-04-20,0.36,true
post_1802,Meme,2026-04-17,0.28,true
post_1508,Review,2026-04-11,0.92,true
post_153,Review,2026-04-26,0.36,false
post_575,Guide,2026-04-03,0.97,false
post_1177,Question,2026-04-28,0.74,false
post_94,Esports,2026-04-25,0.11,true
post_917,Rumor,2026-04-26,0.91,false
post_1037,Guide,2026-04-28,0.13,true
post_17,Esports,2026-04-28,0.53,true
post_1968,LFG,2026-04-22,0.84,true
post_1756,Discussion,2026-04-07,0.93,true
post_1480,Review,2026-04-05,0.37,false
post_473,Review,2026-04-12,0.8,false
post_1648,Esports,2026-04-06,0.43,false
post_1935,Guide,2026-04-28,0.48,true
post_90,Guide,2026-04-11,0.1,true
post_1418,Esports,2026-04-04,0.52,false
post_1518,Fanart,2026-04-09,0.59,false
post_1985,Question,2026-04-18,0.94,false
post_1134,Guide,2026-04-26,0.86,false
post_665,Review,2026-04-12,0.83,false
post_256,Meme,2026-04-17,0.45,true
post_195,Fanart,2026-04-20,0.17,true
post_1548,Fanart,2026-04-12,0.1,false
post_609,Question,2026-04-19,0.88,false
post_1379,Discussion,2026-04-17,0.33,false
post_480,Guide,2026-04-06,0.46,false
post_1226,Esports,2026-04-11,0.41,true
post_596,News,2026-04-12,0.66,false
post_708,Review,2026-04-22,0.23,true
post_1194,LFG,2026-04-03,0.47,false
post_1993,Spoiler,2026-04-23,0.89,true
post_1891,Spoiler,2026-04-24,0.65,false
post_852,Spoiler,2026-04-14,0.99,false
post_1931,Meme,2026-04-20,0.78,true
post_1540,Meme,2026-04-20,0.94,true
post_1960,Rumor,2026-04-10,0.6,false
post_438,Esports,2026-04-26,0.55,false
post_558,Question,2026-04-16,0.56,true
post_1534,Question,2026-04-24,0.94,false
post_934,LFG,2026-04-22,0.82,false
post_1606,Spoiler,2026-04-05,0.88,true
post_785,News,2026-04-05,0.77,false
post_1082,LFG,2026-04-18,0.57,true
post_128,Question,2026-04-04,0.73,true
post_1901,Meme,2026-04-27,0.53,false
post_787,Guide,2026-04-03,0.13,true
post_530,Guide,2026-04-28,0.69,false
post_977,Esports,2026-04-20,0.93,true
post_957,Question,2026-04-08,0.57,true
post_557,Question,2026-04-25,0.6,false
post_1933,Review,2026-04-11,0.44,false
post_1523,Discussion,2026-04-19,0.63,true
post_197,Review,2026-04-11,0.67,true
post_1156,Rumor,2026-04-19,0.52,false
post_1432,News,2026-04-04,0.7,false
post_466,Esports,2026-04-22,0.64,true
post_953,Review,2026-04-13,0.98,false
post_84,News,2026-04-21,0.47,true
post_1032,Spoiler,2026-04-28,0.35,false
post_1654,Guide,2026-04-10,0.21,false
post_534,LFG,2026-04-09,0.26,false
post_966,Rumor,2026-04-01,0.53,true
post_302,Meme,2026-04-07,0.64,true
post_1188,News,2026-04-27,0.25,false
post_590,LFG,2026-04-27,0.18,false
post_651,Fanart,2026-04-25,0.21,false
post_223,Meme,2026-04-17,0.56,true
post_997,Question,2026-04-02,0.52,false
post_1821,Spoiler,2026-04-23,0.95,true
post_1312,Spoiler,2026-04-08,0.54,true
post_1653,Spoiler,2026-04-25,0.55,false
post_1891,Esports,2026-04-26,0.62,false
post_1961,Rumor,2026-04-06,0.49,false
post_38,Question,2026-04-03,0.15,false
post_694,Question,2026-04-19,0.37,true
post_1928,Discussion,2026-04-15,0.25,true
post_668,Review,2026-04-14,0.16,false
post_1065,Discussion,2026-04-04,0.71,true
post_1587,Spoiler,2026-04-25,0.13,false
post_1636,Question,2026-04-17,0.97,false
post_204,Discussion,2026-04-19,0.88,true
post_1612,News,2026-04-18,0.76,true
post_1834,Fanart,2026-04-21,0.88,false
post_1358,LFG,2026-04-15,0.86,false
post_1433,Question,2026-04-12,0.15,false
post_1110,Question,2026-04-11,0.81,false
post_397,Esports,2026-04-22,0.6,true
post_1035,Spoiler,2026-04-06,0.83,true
post_946,Question,2026-04-22,0.93,false
post_294,Review,2026-04-21,0.95,true
post_1740,Esports,2026-04-02,0.99,false
post_1993,Review,2026-04-28,0.96,true
post_529,Review,2026-04-06,0.91,false
post_1426,Esports,2026-04-19,0.65,true
post_820,Spoiler,2026-04-13,0.7,true
post_1679,Guide,2026-04-14,0.19,false
post_343,Rumor,2026-04-08,0.78,true
post_1982,Question,2026-04-10,0.91,false
post_747,News,2026-04-20,0.73,true
post_1929,News,2026-04-25,0.51,false
post_1488,Fanart,2026-04-24,0.88,false
post_198,Rumor,2026-04-11,0.1,true
post_1097,News,2026-04-22,0.4,true
post_180,Question,2026-04-04,0.13,true
post_1506,Esports,2026-04-27,0.92,true
post_810,Fanart,2026-04-27,0.24,false
post_1824,LFG,2026-04-04,0.94,true
post_272,Guide,2026-04-07,0.1,false
post_1112,LFG,2026-04-20,0.28,true
post_1264,Review,2026-04-16,0.29,false
post_214,Esports,2026-04-12,0.49,true
post_1122,Spoiler,2026-04-05,0.13,true
post_653,Discussion,2026-04-06,0.73,false
post_97,Fanart,2026-04-14,0.27,false
post_388,Discussion,2026-04-08,0.66,false
post_1643,Guide,2026-04-03,0.71,true
post_864,Esports,2026-04-28,0.4,true
post_905,Esports,2026-04-08,0.58,false
post_1585,Question,2026-04-06,0.12,false
post_743,Question,2026-04-07,0.92,true
post_294,Discussion,2026-04-16,0.16,false
post_1934,Meme,2026-04-26,0.75,true
post_269,Guide,2026-04-14,0.14,true
post_1393,Esports,2026-04-25,0.58,true
post_733,Guide,2026-04-26,0.4,false
post_781,Spoiler,2026-04-03,0.57,false
post_13,Rumor,2026-04-03,0.54,true
post_997,Meme,2026-04-14,0.53,true
post_928,Review,2026-04-07,0.12,false
post_1222,Spoiler,2026-04-28,0.24,false
post_1633,Discussion,2026-04-04,0.33,false
post_635,Esports,2026-04-10,0.97,false
post_687,Fanart,2026-04-14,0.58,false
post_1305,Meme,2026-04-27,0.11,true
post_1013,News,2026-04-16,0.93,false
post_617,LFG,2026-04-14,0.27,false
post_75,Review,2026-04-18,0.7,true
post_43,Review,2026-04-22,0.36,true
post_1577,LFG,2026-04-11,0.53,true
post_1986,Review,2026-04-19,0.39,true
post_954,Question,2026-04-24,0.42,false
post_71,LFG,2026-04-12,0.67,false
post_1721,Rumor,2026-04-21,0.59,true
post_1512,Discussion,2026-04-09,0.53,true
post_302,Esports,2026-04-11,0.8,false
post_887,Meme,2026-04-03,0.22,false
post_1756,Review,2026-04-12,0.77,false
post_1964,Review,2026-04-26,0.79,true
post_541,Guide,2026-04-15,0.68,true
post_1825,Fanart,2026-04-14,0.21,true
post_348,Spoiler,2026-04-11,0.91,false
post_1482,Rumor,2026-04-24,0.89,true
post_1171,Esports,2026-04-08,0.91,false
post_1966,Question,2026-04-13,0.33,true
post_311,LFG,2026-04-11,0.52,true
post_1497,News,2026-04-17,0.63,true
post_824,Esports,2026-04-19,0.74,false
post_1157,LFG,2026-04-15,0.62,false
post_1114,News,2026-04-14,0.71,false
post_1767,Review,2026-04-13,0.16,false
post_1423,News,2026-04-18,0.57,true
post_999,Discussion,2026-04-27,0.92,true
post_695,Meme,2026-04-07,0.87,true
post_1990,Guide,2026-04-10,0.69,false
post_566,LFG,2026-04-02,0.36,false
post_974,News,2026-04-13,0.16,true
post_1984,Guide,2026-04-25,0.54,true
post_1975,Meme,2026-04-12,0.24,true
post_1860,Esports,2026-04-25,0.43,false
post_120,Review,2026-04-04,0.7,true
post_1170,Review,2026-04-28,0.43,false
post_742,Rumor,2026-04-25,0.6,false
post_1408,Question,2026-04-06,0.43,true
post_1999,Review,2026-04-12,0.37,false
post_965,LFG,2026-04-11,0.92,true
post_1471,Meme,2026-04-12,0.8,true
post_1551,News,2026-04-25,0.45,true
post_1707,Esports,2026-04-12,0.6,false
post_1745,Rumor,2026-04-12,0.15,false
post_1111,Fanart,2026-04-10,0.2,true
post_50,Spoiler,2026-04-19,0.47,false
post_751,News,2026-04-17,0.7,true
post_585,Spoiler,2026-04-21,0.59,true
post_754,Discussion,2026-04-20,0.4,true
post_904,Rumor,2026-04-18,0.86,false
post_39,News,2026-04-20,0.56,true
post_37,News,2026-04-20,0.62,false
post_427,Fanart,2026-04-10,0.52,true
post_891,Guide,2026-04-11,0.17,false
post_158,Meme,2026-04-19,0.65,false
post_1773,Guide,2026-04-26,0.15,true
post_1111,News,2026-04-25,0.99,true
post_527,Discussion,2026-04-11,0.7,true
post_637,LFG,2026-04-21,0.29,false
post_1816,Esports,2026-04-07,0.49,false
post_1260,Esports,2026-04-28,0.81,true
post_348,Fanart,2026-04-02,0.58,false
post_274,Fanart,2026-04-08,0.48,false
post_54,News,2026-04-26,0.27,true
post_1958,Discussion,2026-04-25,0.62,false
post_224,Review,2026-04-03,0.87,false
post_162,Rumor,2026-04-21,0.89,true
post_542,News,2026-04-15,0.44,true
post_439,Guide,2026-04-11,0.91,false
post_591,News,2026-04-13,0.75,false
post_1061,Rumor,2026-04-27,0.96,false
post_754,Question,2026-04-12,0.14,true
post_1905,Esports,2026-04-02,0.37,true
post_472,Review,2026-04-12,0.26,false
post_736,Discussion,2026-04-08,0.89,true
post_1167,Discussion,2026-04-23,0.78,true
post_1807,Review,2026-04-20,0.77,false
post_830,Fanart,2026-04-18,0.78,true
post_528,Fanart,2026-04-27,0.46,false
post_1651,Esports,2026-04-01,0.62,true
post_1668,LFG,2026-04-09,0.93,false
post_1210,Discussion,2026-04-03,0.25,true
post_1444,Spoiler,2026-04-22,0.74,false
post_11,Spoiler,2026-04-12,0.65,false
post_1961,News,2026-04-18,0.36,true
post_1244,Esports,2026-04-04,0.14,true
post_574,Discussion,2026-04-16,0.93,true
post_203,Fanart,2026-04-09,0.28,false
post_442,LFG,2026-04-25,0.67,false
post_1634,Question,2026-04-05,0.12,true
post_1661,Fanart,2026-04-19,0.12,false
post_499,News,2026-04-20,0.24,true
post_712,Fanart,2026-04-12,0.99,true
post_1824,Spoiler,2026-04-23,0.7,false
post_612,Question,2026-04-21,0.75,false
post_64,Review,2026-04-13,0.96,false
post_548,News,2026-04-14,0.21,true
post_163,Rumor,2026-04-25,0.53,true
post_738,Rumor,2026-04-14,0.12,false
post_1503,Esports,2026-04-21,0.1,true
post_565,Guide,2026-04-04,0.11,false
post_998,Review,2026-04-02,0.97,false
post_1962,Guide,2026-04-18,0.96,false
post_1366,Meme,2026-04-11,0.67,false
post_982,Discussion,2026-04-14,0.34,false
post_1889,Question,2026-04-22,0.96,true
post_880,Esports,2026-04-04,0.43,false
post_1270,Fanart,2026-04-22,0.73,false
post_534,Spoiler,2026-04-09,0.24,true
post_397,Review,2026-04-12,0.64,true
post_276,Fanart,2026-04-05,0.16,true
post_1469,Review,2026-04-01,0.56,true
post_1486,Guide,2026-04-10,0.18,true
post_1861,LFG,2026-04-09,0.64,false
post_62,Rumor,2026-04-12,0.63,false
post_1784,Fanart,2026-04-27,0.61,true
post_1290,Fanart,2026-04-03,0.79,false
post_303,News,2026-04-05,0.93,true
post_1048,Review,2026-04-23,0.12,false
post_1403,Review,2026-04-09,0.19,true
post_984,Rumor,2026-04-27,0.48,true
post_1780,Meme,2026-04-03,0.31,false
post_906,News,2026-04-20,0.62,false
post_1372,Esports,2026-04-07,0.56,true
post_316,Review,2026-04-07,0.64,true
post_1944,LFG,2026-04-27,0.37,false
post_1481,Fanart,2026-04-25,0.28,false
post_886,Rumor,2026-04-22,0.25,false
post_459,Meme,2026-04-28,0.93,false
post_1592,Discussion,2026-04-08,0.89,true
post_95,Question,2026-04-06,0.7,false
post_1423,Esports,2026-04-16,0.26,true
post_411,Esports,2026-04-12,0.97,true
post_1686,Guide,2026-04-03,0.77,true
post_373,Spoiler,2026-04-28,0.62,true
post_189,Meme,2026-04-27,0.56,true
post_314,Guide,2026-04-01,0.49,false
post_1292,Spoiler,2026-04-04,0.19,false
post_1046,Fanart,2026-04-27,0.85,true
post_1549,Rumor,2026-04-25,0.39,false
post_1631,Discussion,2026-04-01,0.75,true
post_1036,Review,2026-04-28,0.76,true
post_555,News,2026-04-26,0.18,false
post_598,Spoiler,2026-04-23,0.31,false
post_877,News,2026-04-12,0.64,true
post_532,Guide,2026-04-16,0.33,false
post_599,Guide,2026-04-03,0.5,true
post_1636,Discussion,2026-04-02,0.39,true
post_373,Fanart,2026-04-21,0.28,false
post_846,Spoiler,2026-04-09,0.99,true
post_1132,Meme,2026-04-14,0.65,true
post_1570,Question,2026-04-28,0.13,true
post_1597,Spoiler,2026-04-28,0.75,false
post_1013,Fanart,2026-04-28,0.37,true
post_872,Meme,2026-04-28,0.64,false
post_538,Spoiler,2026-04-01,0.1,true
post_1326,Review,2026-04-12,0.34,false
post_1113,Meme,2026-04-12,0.7,true
post_1628,Discussion,2026-04-07,0.7,true
post_124,Discussion,2026-04-25,0.74,false
post_1769,News,2026-04-09,0.74,true
post_826,LFG,2026-04-25,0.16,false
post_1749,Spoiler,2026-04-17,0.23,true
post_877,Question,2026-04-13,0.68,true
post_1386,Question,2026-04-08,0.28,true
post_1130,Spoiler,2026-04-02,0.35,false
post_504,Esports,2026-04-03,0.33,false
post_1751,Fanart,2026-04-13,0.95,false
post_1326,Question,2026-04-03,0.9,true
post_854,Question,2026-04-14,0.26,false
post_1439,News,2026-04-27,0.28,false
post_155,Review,2026-04-01,0.84,true
post_24,Meme,2026-04-18,0.94,true
post_588,Review,2026-04-23,0.82,true
post_1742,Esports,2026-04-15,0.73,true
post_978,LFG,2026-04-24,0.65,true
post_215,Question,2026-04-12,0.27,true
post_801,Esports,2026-04-05,0.15,true
post_1220,News,2026-04-23,0.19,true
post_1783,Guide,2026-04-23,0.96,true
post_101,Rumor,2026-04-20,0.25,false
post_1613,Review,2026-04-01,0.57,true
post_1357,Question,2026-04-04,0.39,false
post_934,Rumor,2026-04-12,0.35,false
post_1709,Fanart,2026-04-07,0.87,true
post_393,Guide,2026-04-08,0.31,false
post_992,Fanart,2026-04-28,0.83,false
post_697,LFG,2026-04-28,0.1,false
post_314,Guide,2026-04-21,0.26,true
post_874,Spoiler,2026-04-27,0.7,false
post_1182,Discussion,2026-04-20,0.76,true
post_73,Discussion,2026-04-02,0.51,false
post_1668,Guide,2026-04-28,0.91,true
post_280,Question,2026-04-04,0.11,false
post_1580,Discussion,2026-04-17,0.37,true
post_683,Review,2026-04-26,0.56,false
post_590,Rumor,2026-04-22,0.99,true
post_1194,LFG,2026-04-18,0.47,false
post_803,Spoiler,2026-04-26,0.78,true
post_1566,Discussion,2026-04-24,1.0,false
post_602,Guide,2026-04-05,0.52,true
post_1288,Esports,2026-04-03,0.95,false
post_1103,Guide,2026-04-11,0.6,true
post_1193,Guide,2026-04-19,0.78,true
post_246,Guide,2026-04-06,0.34,true
post_431,LFG,2026-04-20,0.44,true
post_972,Spoiler,2026-04-27,0.27,true
post_517,Meme,2026-04-11,0.94,true
post_357,Spoiler,2026-04-03,0.13,true
post_1418,Review,2026-04-16,0.1,true
post_1391,Review,2026-04-14,0.8,true
post_647,Discussion,2026-04-03,0.79,true
post_962,Meme,2026-04-21,0.44,true
post_1751,Rumor,2026-04-21,0.7,false
post_69,Fanart,2026-04-12,0.14,true
post_359,News,2026-04-13,0.7,false
post_1098,Esports,2026-04-24,0.8,true
post_1187,Review,2026-04-26,0.46,false
post_1841,Meme,2026-04-20,0.75,true
post_972,Discussion,2026-04-21,0.51,false
post_1646,Spoiler,2026-04-20,0.39,false
post_456,Meme,2026-04-19,0.11,false
post_323,Discussion,2026-04-21,0.21,false
post_1973,Rumor,2026-04-04,0.68,true
post_101,Spoiler,2026-04-04,0.51,true
post_33,Question,2026-04-28,0.67,true
post_1803,Spoiler,2026-04-19,0.46,true
post_469,LFG,2026-04-27,0.84,true
post_455,Rumor,2026-04-16,0.82,false
post_1921,Fanart,2026-04-17,0.45,false
post_375,Spoiler,2026-04-01,0.84,false
post_745,Fanart,2026-04-26,0.44,true
post_1452,Rumor,2026-04-28,0.5,false
post_762,Question,2026-04-02,0.24,true
post_254,Discussion,2026-04-25,0.52,false
post_1390,Fanart,2026-04-10,0.34,false
post_1016,Esports,2026-04-26,0.37,false
post_335,Meme,2026-04-01,0.58,true
post_1256,Esports,2026-04-28,0.83,false
post_784,LFG,2026-04-25,0.56,false
post_1407,News,2026-04-17,0.29,true
post_1423,Review,2026-04-25,0.17,false
post_1771,Discussion,2026-04-14,0.81,true
post_1663,LFG,2026-04-13,0.16,false
post_664,Discussion,2026-04-04,0.69,true
post_1708,Guide,2026-04-27,0.27,true
post_1212,Question,2026-04-21,0.26,true
post_1737,Question,2026-04-16,0.79,false
post_1888,Guide,2026-04-12,0.36,false
post_1144,News,2026-04-26,0.72,true
post_1589,Question,2026-04-03,1.0,true
post_913,Guide,2026-04-16,0.46,false
post_452,Esports,2026-04-19,0.5,true
post_1030,Discussion,2026-04-05,0.98,true
post_1713,Review,2026-04-19,0.43,false
post_734,Question,2026-04-14,0.44,true
post_869,LFG,2026-04-20,0.14,true
post_1040,Discussion,2026-04-20,0.61,true
post_1610,Guide,2026-04-05,0.65,true
post_1536,Discussion,2026-04-04,0.97,true
post_961,Question,2026-04-23,0.72,true
post_73,Guide,2026-04-16,0.13,true
post_1794,Fanart,2026-04-05,0.99,true
post_810,Guide,2026-04-11,0.67,true
post_426,LFG,2026-04-03,0.82,true
post_309,Rumor,2026-04-21,0.77,false
post_72,Guide,2026-04-15,0.85,true
post_286,Question,2026-04-20,0.74,false
post_721,Discussion,2026-04-12,0.12,true
post_1005,Spoiler,2026-04-27,0.64,true
post_1912,LFG,2026-04-28,0.45,true
post_1209,Meme,2026-04-28,0.11,false
post_236,Esports,2026-04-26,0.45,false
post_1023,Esports,2026-04-21,0.21,false
post_1163,Question,2026-04-05,0.44,true
post_1978,Discussion,2026-04-03,0.32,false
post_881,Question,2026-04-23,0.24,false
post_26,Discussion,2026-04-18,0.99,false
post_1698,Meme,2026-04-12,0.96,false
post_1864,Rumor,2026-04-25,0.71,false
post_1740,Esports,2026-04-08,0.14,true
post_208,Review,2026-04-14,0.97,false
post_312,News,2026-04-26,0.24,false
post_1211,Spoiler,2026-04-12,0.94,false
post_606,Discussion,2026-04-12,0.11,false
post_114,News,2026-04-02,0.77,true
post_1207,Meme,2026-04-04,0.86,true
post_730,Spoiler,2026-04-11,0.6,false
post_1593,Question,2026-04-23,0.97,true
post_1604,Question,2026-04-26,0.87,true
post_855,Fanart,2026-04-06,0.76,true
post_352,Guide,2026-04-01,0.89,false
post_969,Fanart,2026-04-26,0.81,true
post_1684,Esports,2026-04-08,0.63,true
post_1497,Spoiler,2026-04-04,0.8,true
post_919,Discussion,2026-04-07,0.49,false
post_1620,Meme,2026-04-26,0.43,false
post_1525,Spoiler,2026-04-07,0.62,false
post_1319,Guide,2026-04-08,0.56,true
post_1015,Question,2026-04-18,0.41,true
post_7,Review,2026-04-25,0.81,false
post_1575,Discussion,2026-04-10,0.52,false
post_383,Rumor,2026-04-18,0.52,false
post_944,Fanart,2026-04-07,0.85,true
post_1310,News,2026-04-26,0.19,false
post_1277,Review,2026-04-04,0.61,true
post_696,Meme,2026-04-11,0.98,false
post_613,Discussion,2026-04-13,0.35,true
post_248,Question,2026-04-13,0.36,true
post_442,News,2026-04-07,0.42,true
post_1256,Esports,2026-04-21,0.89,true
post_1341,Rumor,2026-04-03,0.18,false
post_906,Esports,2026-04-11,0.15,false
post_115,Esports,2026-04-09,0.41,true
post_1491,Esports,2026-04-02,0.43,true
post_981,Question,2026-04-20,0.43,false
post_1366,Discussion,2026-04-01,0.4,false
post_350,Rumor,2026-04-03,0.32,false
post_1399,Spoiler,2026-04-20,0.45,false
post_751,News,2026-04-19,0.72,true
post_906,Guide,2026-04-03,0.98,false
post_1141,Review,2026-04-28,0.64,false
post_882,Question,2026-04-20,0.91,false
post_1893,Guide,2026-04-12,0.85,false
post_915,Meme,2026-04-22,0.98,true
post_1097,Meme,2026-04-09,0.35,false
post_281,News,2026-04-12,0.87,true
post_1228,Review,2026-04-23,0.35,true
post_293,Discussion,2026-04-16,0.72,false
post_305,Question,2026-04-12,0.85,false
post_1413,Esports,2026-04-08,0.19,true
post_1084,Meme,2026-04-20,0.11,true
post_1605,Review,2026-04-18,0.35,true
post_18,Rumor,2026-04-01,0.52,true
post_489,Spoiler,2026-04-25,0.66,false
post_190,Meme,2026-04-06,0.46,true
post_1594,Review,2026-04-07,0.33,true
post_1771,Fanart,2026-04-27,0.89,true
post_1152,Fanart,2026-04-18,0.48,true
post_1984,Question,2026-04-08,0.96,true
post_356,Spoiler,2026-04-15,0.23,false
post_67,Fanart,2026-04-07,0.4,false
post_1342,Rumor,2026-04-20,0.4,true
post_1728,LFG,2026-04-19,0.11,true
post_1659,Rumor,2026-04-02,0.57,false
post_1752,Review,2026-04-18,0.98,false
post_1118,Fanart,2026-04-24,0.16,true
post_1033,Question,2026-04-04,0.8,true
post_431,Review,2026-04-18,0.28,true
post_1305,Fanart,2026-04-02,0.69,false
post_1554,News,2026-04-07,0.67,true
post_603,Guide,2026-04-03,0.63,false
post_908,Spoiler,2026-04-26,0.79,true
post_1628,LFG,2026-04-11,0.52,true
post_1895,Esports,2026-04-20,0.9,true
post_1414,Fanart,2026-04-22,0.49,true
post_1834,Review,2026-04-17,0.32,false
post_1316,Guide,2026-04-13,0.59,false
post_292,Review,2026-04-24,0.81,true
post_783,Guide,2026-04-20,0.68,true
post_1612,Rumor,2026-04-27,0.81,true
post_1900,Rumor,2026-04-03,0.31,true
post_1705,Review,2026-04-25,0.51,true
post_684,Meme,2026-04-09,0.58,false
post_1112,Review,2026-04-04,0.89,true
post_1561,LFG,2026-04-27,0.72,false
post_996,Meme,2026-04-13,0.21,true
post_209,Meme,2026-04-20,0.2,true
post_1942,Review,2026-04-01,0.82,true
post_854,Meme,2026-04-24,0.71,true
post_353,Guide,2026-04-14,0.23,false
post_991,Meme,2026-04-04,0.16,true
post_800,Rumor,2026-04-09,0.65,false
post_1466,News,2026-04-17,0.94,false
post_857,News,2026-04-21,0.81,false
post_1278,Fanart,2026-04-09,0.5,true
post_1573,Question,2026-04-17,0.54,false
post_1796,Esports,2026-04-23,0.34,true
post_602,Review,2026-04-06,0.62,true
post_281,News,2026-04-27,0.33,true
post_917,Guide,2026-04-19,0.56,true
post_1022,Meme,2026-04-05,0.6,false
post_1207,Rumor,2026-04-17,0.68,true
post_534,Discussion,2026-04-24,0.55,true
post_1911,Spoiler,2026-04-06,0.74,true
post_851,Meme,2026-04-24,0.43,true
post_1041,Fanart,2026-04-03,0.32,false
post_1290,LFG,2026-04-07,0.56,true
post_891,Question,2026-04-11,0.54,true
post_901,Question,2026-04-27,0.98,false
post_1754,Guide,2026-04-20,0.86,true
post_1499,News,2026-04-10,0.97,true
post_1714,Meme,2026-04-10,0.36,false
post_1220,Rumor,2026-04-14,0.47,false
post_970,Review,2026-04-15,0.4,true
post_1910,Spoiler,2026-04-12,0.81,true
post_1959,Guide,2026-04-27,0.24,false
post_236,Rumor,2026-04-05,0.42,true
post_1809,Review,2026-04-26,0.33,false
post_611,Meme,2026-04-07,0.16,true
post_1942,Discussion,2026-04-24,0.18,false
post_442,News,2026-04-06,0.15,false
post_865,Question,2026-04-06,0.71,false
post_260,Question,2026-04-02,0.87,true
post_1550,Review,2026-04-07,0.49,false
post_1538,Spoiler,2026-04-15,0.92,true
post_1316,News,2026-04-18,0.63,true
post_821,Guide,2026-04-21,0.75,true
post_1072,Review,2026-04-20,0.19,true
post_872,LFG,2026-04-04,0.36,false
post_901,Discussion,2026-04-28,0.11,false
post_1399,Guide,2026-04-04,0.25,true
post_1239,Meme,2026-04-03,0.24,false
post_115,Spoiler,2026-04-15,0.68,true
post_1164,Rumor,2026-04-07,0.21,true
post_1278,Fanart,2026-04-05,0.5,true
post_226,LFG,2026-04-24,0.23,false
post_1109,Rumor,2026-04-12,0.86,false
post_1831,LFG,2026-04-24,0.88,false
post_1487,Guide,2026-04-16,0.12,true
post_185,Rumor,2026-04-15,0.92,true
post_549,Esports,2026-04-02,0.84,false
post_1502,Fanart,2026-04-20,0.58,false
post_847,Rumor,2026-04-27,0.78,true
post_1392,Spoiler,2026-04-21,0.72,false
post_1571,Review,2026-04-10,0.26,false
post_183,Guide,2026-04-16,0.42,false
post_1504,News,2026-04-12,0.98,true
post_358,Review,2026-04-08,0.21,false
post_1628,Discussion,2026-04-10,0.82,false
post_268,Spoiler,2026-04-20,0.24,true
post_535,Guide,2026-04-03,0.54,true
post_815,Discussion,2026-04-21,0.55,false
post_10,Esports,2026-04-03,0.76,true
post_946,Guide,2026-04-06,0.7,false
post_1579,Guide,2026-04-19,0.36,true
post_910,Rumor,2026-04-20,0.32,true
post_1560,Review,2026-04-25,0.6,false
post_559,LFG,2026-04-18,0.38,true
post_1711,Meme,2026-04-24,0.44,false
post_1001,Esports,2026-04-21,0.56,false
post_1729,Rumor,2026-04-24,0.94,false
post_583,Discussion,2026-04-19,0.98,true
post_1677,Spoiler,2026-04-26,0.54,false
post_1187,Esports,2026-04-26,0.22,false
post_610,Rumor,2026-04-10,0.97,false
post_491,Spoiler,2026-04-10,0.74,false
post_1025,Discussion,2026-04-10,0.94,false
post_826,LFG,2026-04-08,0.31,true
post_335,Esports,2026-04-12,0.51,true
post_397,LFG,2026-04-05,0.63,false
post_207,News,2026-04-01,0.12,false
post_470,Question,2026-04-08,0.76,true
post_1557,News,2026-04-15,0.79,false
post_1984,LFG,2026-04-25,0.54,true
post_1249,Esports,2026-04-26,0.16,false
post_1160,Spoiler,2026-04-20,0.93,false
post_347,News,2026-04-15,0.92,false
post_821,Guide,2026-04-11,0.44,true
post_1435,Rumor,2026-04-26,0.78,true
post_950,Review,2026-04-22,0.67,true
post_1185,LFG,2026-04-11,0.98,false
post_658,Fanart,2026-04-14,0.51,false
post_1000,Meme,2026-04-15,0.41,false
post_1004,Rumor,2026-04-15,0.81,true
post_378,Fanart,2026-04-11,0.37,true
post_394,Fanart,2026-04-19,0.55,false
post_1074,Question,2026-04-28,0.32,false
post_653,Fanart,2026-04-09,0.56,true
post_883,Meme,2026-04-07,0.24,false
post_1431,Rumor,2026-04-27,0.28,false
post_355,Fanart,2026-04-13,0.11,false
post_1921,Esports,2026-04-17,0.47,true
post_1790,Fanart,2026-04-22,0.96,false
post_1712,Review,2026-04-19,0.51,false
post_1587,Fanart,2026-04-14,0.74,false
post_1966,Spoiler,2026-04-28,0.75,false
post_203,Fanart,2026-04-11,0.66,false
post_1394,Guide,2026-04-17,0.56,false
post_1499,Guide,2026-04-18,0.39,true
post_587,Review,2026-04-07,0.6,true
post_546,Question,2026-04-19,0.95,false
post_1159,Spoiler,2026-04-01,0.37,true
post_442,Review,2026-04-24,0.6,false
post_1636,Rumor,2026-04-06,0.78,true
post_1806,Rumor,2026-04-10,0.96,true
post_29,Question,2026-04-16,0.65,false
post_1696,Guide,2026-04-25,0.23,true
post_1364,News,2026-04-26,0.3,false
post_1683,LFG,2026-04-05,0.75,true
post_664,News,2026-04-10,0.62,false
post_935,Rumor,2026-04-22,0.14,false
post_1976,Meme,2026-04-23,0.56,false
post_11,Rumor,2026-04-13,0.75,true
post_830,Spoiler,2026-04-18,0.81,false
post_256,Spoiler,2026-04-13,0.47,true
post_1380,News,2026-04-25,0.54,false
post_1113,Fanart,2026-04-13,0.67,false
post_1550,Discussion,2026-04-22,0.98,false
post_1390,LFG,2026-04-11,0.66,false
post_745,Review,2026-04-13,0.27,false
post_11,Review,2026-04-25,0.34,true
post_962,Fanart,2026-04-12,0.8,false
post_393,Guide,2026-04-25,0.54,false
post_1427,Question,2026-04-04,0.56,false
post_1409,News,2026-04-05,0.26,false
post_1747,Question,2026-04-21,0.88,false
post_1083,Esports,2026-04-12,0.33,false
post_908,Esports,2026-04-20,0.71,false
post_1255,News,2026-04-15,0.77,true
post_1464,Spoiler,2026-04-28,0.25,true
post_458,Guide,2026-04-22,0.17,false
post_10,Spoiler,2026-04-15,0.41,true
post_1834,Spoiler,2026-04-03,0.96,true
post_1998,Meme,2026-04-23,0.59,true
post_1283,Meme,2026-04-05,0.2,true
post_1108,News,2026-04-28,0.5,false
post_1558,Question,2026-04-01,0.97,true
post_1186,Discussion,2026-04-18,0.25,true
post_1540,News,2026-04-20,0.75,false
post_987,Esports,2026-04-15,0.96,true
post_1408,Esports,2026-04-14,0.39,false
post_1293,Spoiler,2026-04-17,0.47,false
post_1530,Meme,2026-04-03,0.11,false
post_60,Rumor,2026-04-12,0.57,true
post_225,News,2026-04-10,0.83,false
post_1255,Meme,2026-04-15,0.72,false
post_90,LFG,2026-04-03,0.75,false
post_1140,Fanart,2026-04-27,0.26,true
post_1629,Review,2026-04-15,0.64,false
post_698,Esports,2026-04-26,0.5,true
post_908,Spoiler,2026-04-19,0.24,false
post_177,Guide,2026-04-07,0.37,true
post_464,Rumor,2026-04-11,0.82,false
post_1501,Rumor,2026-04-28,0.63,true
post_596,Guide,2026-04-27,0.73,true
post_1274,Meme,2026-04-23,0.3,true
post_1704,Guide,2026-04-27,0.31,false
post_452,Guide,2026-04-11,0.13,false
post_1505,Spoiler,2026-04-28,0.37,false
post_60,LFG,2026-04-24,0.7,true
post_788,News,2026-04-21,0.31,false
post_631,Fanart,2026-04-27,0.45,true
post_1924,Fanart,2026-04-07,0.81,true
post_27,Esports,2026-04-27,0.18,false
post_651,News,2026-04-10,0.51,true
post_538,Guide,2026-04-19,0.85,true
post_1014,Review,2026-04-12,0.34,false
post_1506,Rumor,2026-04-27,0.66,false
post_59,Rumor,2026-04-13,0.84,false
post_522,Esports,2026-04-10,0.31,true
post_138,Discussion,2026-04-09,0.78,false
post_1000,News,2026-04-02,0.97,false
post_1718,Fanart,2026-04-08,0.57,true
post_242,News,2026-04-27,0.39,true
post_644,Fanart,2026-04-10,0.76,true
post_360,Question,2026-04-25,0.88,true
post_1832,Spoiler,2026-04-04,0.64,true
post_812,LFG,2026-04-25,0.56,true
post_60,Rumor,2026-04-27,0.89,true
post_1249,Guide,2026-04-19,0.21,false
post_961,LFG,2026-04-01,0.42,false
post_1777,LFG,2026-04-07,0.4,true
post_915,Fanart,2026-04-03,0.16,true
post_226,Esports,2026-04-14,0.71,false
post_1869,Discussion,2026-04-20,0.31,true
post_1210,Rumor,2026-04-06,0.76,false
post_1612,Fanart,2026-04-22,0.3,true
post_493,Spoiler,2026-04-27,0.14,true
post_776,Rumor,2026-04-22,0.31,false
post_940,Question,2026-04-20,0.57,true
post_330,Esports,2026-04-08,0.72,false
post_1172,Meme,2026-04-01,0.85,true
post_1319,Question,2026-04-23,0.51,true
post_926,Fanart,2026-04-20,0.52,false
post_282,Review,2026-04-02,0.28,true
post_293,Guide,2026-04-17,0.97,true
post_1734,Rumor,2026-04-12,0.59,false
post_316,Spoiler,2026-04-08,0.19,false
post_1272,Esports,2026-04-24,0.31,false
post_1258,Review,2026-04-27,0.48,true
post_505,Spoiler,2026-04-23,0.78,true
post_1355,Guide,2026-04-17,0.57,true
post_1834,News,2026-04-26,0.71,false
post_1257,LFG,2026-04-24,0.49,true
post_1488,News,2026-04-14,0.83,true
post_1694,LFG,2026-04-07,0.25,false
post_17,LFG,2026-04-14,0.55,false
post_460,Review,2026-04-10,0.51,false
post_125,Fanart,2026-04-02,0.75,true
post_984,Fanart,2026-04-19,0.71,false
post_318,Review,2026-04-03,0.91,false
post_1553,Guide,2026-04-07,0.73,false
post_946,Spoiler,2026-04-17,0.28,true
post_125,Guide,2026-04-04,0.21,false
post_1305,Spoiler,2026-04-14,0.17,false
post_1322,Fanart,2026-04-06,0.46,true
post_1051,LFG,2026-04-21,0.2,false
post_691,Review,2026-04-27,0.36,false
post_1389,Rumor,2026-04-03,0.75,true
post_451,Esports,2026-04-19,0.72,true
post_1713,Review,2026-04-24,0.94,true
post_911,Fanart,2026-04-08,0.33,true
post_1442,LFG,2026-04-04,0.82,true
post_1056,News,2026-04-27,0.54,false
post_1500,Esports,2026-04-17,0.6,true
post_988,Meme,2026-04-26,0.45,true
post_1038,Fanart,2026-04-18,0.67,true
post_731,Review,2026-04-16,0.89,true
post_1133,Esports,2026-04-22,0.53,true
post_287,LFG,2026-04-27,0.62,true
post_421,Guide,2026-04-07,0.13,true
post_1120,Fanart,2026-04-19,0.28,false
post_1759,Spoiler,2026-04-25,0.96,false
post_503,Guide,2026-04-20,0.95,true
post_1396,Rumor,2026-04-27,0.55,false
post_1052,Guide,2026-04-11,0.17,false
post_1436,Meme,2026-04-23,0.57,false
post_1659,LFG,2026-04-23,0.53,true
post_789,Spoiler,2026-04-20,0.96,false
post_488,Esports,2026-04-22,0.95,false
post_1750,Rumor,2026-04-13,0.35,false
post_141,Question,2026-04-18,0.61,false
post_1669,LFG,2026-04-09,0.69,false
post_574,Fanart,2026-04-21,0.47,true
post_1718,LFG,2026-04-05,0.36,false
post_900,Fanart,2026-04-03,0.8,true
post_1610,Spoiler,2026-04-07,0.74,true
post_914,Review,2026-04-13,0.62,false
post_1916,Rumor,2026-04-10,0.66,false
post_325,Guide,2026-04-17,0.32,false
post_1215,LFG,2026-04-12,1.0,false
post_908,Guide,2026-04-09,0.76,false
post_703,Question,2026-04-19,0.52,true
post_818,Question,2026-04-13,0.4,false
post_1342,Rumor,2026-04-15,0.48,true
post_1826,Guide,2026-04-24,0.96,false
post_753,Spoiler,2026-04-16,0.95,true
post_1942,Question,2026-04-13,0.8,false
post_1931,Question,2026-04-03,0.64,false
post_299,Review,2026-04-13,0.75,true
post_376,News,2026-04-26,0.28,true
post_509,Fanart,2026-04-21,0.82,true
post_797,Spoiler,2026-04-18,0.17,false
post_1072,Guide,2026-04-10,0.97,false
post_719,News,2026-04-10,0.39,true
post_626,Discussion,2026-04-16,0.6,true
post_878,Review,2026-04-21,0.57,true
post_1160,Question,2026-04-11,0.92,false
post_1267,Question,2026-04-21,0.22,false
post_1719,Rumor,2026-04-08,0.95,true
post_34,News,2026-04-21,0.96,true
post_1405,Spoiler,2026-04-10,0.15,false
post_240,Spoiler,2026-04-07,0.91,false
post_1034,Review,2026-04-08,0.8,true
post_1714,LFG,2026-04-16,0.84,false
post_1937,Discussion,2026-04-06,0.83,true
post_1154,Question,2026-04-19,0.34,true
post_1119,Rumor,2026-04-18,0.82,true
post_388,Esports,2026-04-05,0.2,false
post_1958,LFG,2026-04-04,0.43,true
post_1357,Spoiler,2026-04-14,0.21,false
post_1894,Spoiler,2026-04-17,0.6,true
post_4,Meme,2026-04-04,0.7,false
post_1728,Discussion,2026-04-01,0.53,true
post_1179,Fanart,2026-04-25,0.71,false
post_619,Spoiler,2026-04-18,0.26,false
post_994,Rumor,2026-04-21,0.95,true
post_954,News,2026-04-09,0.68,false
post_1489,Rumor,2026-04-09,0.67,false
post_474,Guide,2026-04-10,0.49,false
post_370,News,2026-04-07,0.9,false
post_1107,Discussion,2026-04-08,0.51,true
post_808,LFG,2026-04-09,0.38,true
post_520,Question,2026-04-19,0.38,false
post_1451,Review,2026-04-02,0.4,true
post_265,News,2026-04-24,0.48,true
post_789,Spoiler,2026-04-09,0.64,true
post_314,Meme,2026-04-16,0.95,true
post_258,LFG,2026-04-04,0.15,true
post_443,Discussion,2026-04-13,0.58,true
post_1196,Discussion,2026-04-27,0.57,false
post_352,Review,2026-04-26,0.37,true
post_103,LFG,2026-04-03,0.33,false
post_839,LFG,2026-04-10,0.93,false
post_1872,Question,2026-04-17,0.9,false
post_165,Discussion,2026-04-17,0.26,false
post_234,Review,2026-04-04,0.31,true
post_376,Rumor,2026-04-14,0.99,true
post_442,News,2026-04-27,0.44,true
post_1507,Rumor,2026-04-28,0.23,false
post_834,Question,2026-04-18,0.45,true
post_385,Meme,2026-04-13,0.7,false
post_604,Rumor,2026-04-05,0.32,true
post_1032,Discussion,2026-04-28,0.71,true
post_1705,Esports,2026-04-21,0.22,false
post_475,News,2026-04-22,0.86,false
post_890,LFG,2026-04-03,0.72,false
post_103,Guide,2026-04-15,0.23,false
post_185,Review,2026-04-01,0.43,false
post_280,Discussion,2026-04-20,0.67,false
post_427,Rumor,2026-04-26,0.39,false
post_268,Question,2026-04-13,0.3,true
post_1191,Discussion,2026-04-17,0.87,false
post_916,Review,2026-04-04,0.38,true
post_365,Esports,2026-04-09,0.72,false
post_1480,Spoiler,2026-04-23,0.54,false
post_1132,News,2026-04-17,0.8,false
post_297,Meme,2026-04-15,0.42,false
post_1276,Rumor,2026-04-14,0.66,true
post_569,Guide,2026-04-27,0.39,false
post_861,Fanart,2026-04-21,0.97,false
post_1107,News,2026-04-15,0.68,false
post_1139,Guide,2026-04-02,0.35,false
post_65,Rumor,2026-04-17,0.31,false
post_535,Spoiler,2026-04-14,0.1,true
post_365,Review,2026-04-18,0.67,false
post_1543,News,2026-04-01,0.74,true
post_679,Rumor,2026-04-20,0.13,false
post_206,LFG,2026-04-24,0.36,true
post_428,Fanart,2026-04-09,1.0,true
post_1207,Discussion,2026-04-28,0.99,true
post_530,Fanart,2026-04-22,0.66,false
post_259,Spoiler,2026-04-15,0.15,true
post_793,LFG,2026-04-23,0.53,true
post_1872,Rumor,2026-04-18,0.88,false
post_711,Esports,2026-04-24,0.82,true
post_297,Discussion,2026-04-19,0.62,false
post_193,Fanart,2026-04-07,0.96,true
post_1496,Spoiler,2026-04-01,0.64,true
post_1911,Esports,2026-04-14,0.66,true
post_441,LFG,2026-04-18,0.53,true
post_1218,Review,2026-04-02,0.47,false
post_373,Guide,2026-04-08,0.51,false
post_1326,Spoiler,2026-04-08,0.2,false
post_966,Question,2026-04-11,0.21,false
post_1468,Discussion,2026-04-23,0.21,true
