post_id,community_name,isPinned,allowsComments,offTopic
post_0,r/pcmasterrace,false,true,true
post_1,r/Valorant,false,true,true
post_2,r/Helldivers,true,true,true
post_3,r/FortniteBR,true,true,true
post_4,r/FortniteBR,true,true,true
post_5,r/gaming,false,true,true
post_6,r/GlobalOffensive,true,true,true
post_7,r/FortniteBR,true,true,false
post_8,r/gaming,false,true,true
post_9,r/Helldivers,false,true,false
post_10,r/truegaming,true,true,false
post_11,r/truegaming,false,true,true
post_12,r/PS5,false,true,false
post_13,r/Valorant,true,true,false
post_14,r/GlobalOffensive,false,true,true
post_15,r/Helldivers,true,true,true
post_16,r/truegaming,false,true,true
post_17,r/indiegames,false,true,false
post_18,r/indiegames,false,true,true
post_19,r/NintendoSwitch,false,true,true
post_20,r/EldenRing,false,true,true
post_21,r/patientgamers,false,true,true
post_22,r/NintendoSwitch,true,true,false
post_23,r/gaming,false,true,true
post_24,r/GlobalOffensive,false,true,false
post_25,r/skyrim,true,true,false
post_26,r/EldenRing,false,true,false
post_27,r/Helldivers,false,true,true
post_28,r/FortniteBR,false,true,false
post_29,r/patientgamers,false,true,true
post_30,r/patientgamers,false,true,true
post_31,r/gaming,true,true,true
post_32,r/indiegames,false,true,false
post_33,r/leagueoflegends,false,true,false
post_34,r/patientgamers,true,true,true
post_35,r/NintendoSwitch,true,true,false
post_36,r/GlobalOffensive,true,true,true
post_37,r/gaming,true,true,false
post_38,r/NintendoSwitch,true,true,true
post_39,r/Minecraft,false,true,true
post_40,r/leagueoflegends,true,true,true
post_41,r/NintendoSwitch,true,true,false
post_42,r/NintendoSwitch,false,true,false
post_43,r/leagueoflegends,false,true,false
post_44,r/Minecraft,true,true,true
post_45,r/Helldivers,false,true,false
post_46,r/Valorant,false,true,true
post_47,r/indiegames,true,true,true
post_48,r/truegaming,false,true,true
post_49,r/skyrim,true,true,true
post_50,r/Valorant,true,true,false
post_51,r/gaming,false,true,false
post_52,r/EldenRing,true,true,false
post_53,r/GlobalOffensive,false,true,true
post_54,r/gaming,false,true,false
post_55,r/gaming,false,true,true
post_56,r/skyrim,true,true,true
post_57,r/EldenRing,false,true,true
post_58,r/indiegames,true,true,false
post_59,r/skyrim,true,true,true
post_60,r/gaming,true,true,true
post_61,r/Minecraft,false,true,false
post_62,r/EldenRing,true,true,true
post_63,r/GlobalOffensive,false,true,true
post_64,r/Minecraft,true,true,false
post_65,r/GlobalOffensive,true,true,false
post_66,r/gaming,true,true,true
post_67,r/PS5,false,true,true
post_68,r/Valorant,true,true,true
post_69,r/skyrim,false,true,false
post_70,r/EldenRing,true,true,true
post_71,r/pcmasterrace,true,true,true
post_72,r/EldenRing,true,true,true
post_73,r/gaming,false,true,false
post_74,r/Valorant,false,true,true
post_75,r/GlobalOffensive,true,true,true
post_76,r/Minecraft,false,true,true
post_77,r/EldenRing,false,true,true
post_78,r/EldenRing,true,true,false
post_79,r/leagueoflegends,true,true,true
post_80,r/indiegames,false,true,false
post_81,r/Helldivers,true,true,false
post_82,r/EldenRing,true,true,true
post_83,r/FortniteBR,true,true,false
post_84,r/Minecraft,true,true,false
post_85,r/truegaming,true,true,true
post_86,r/NintendoSwitch,true,true,false
post_87,r/NintendoSwitch,false,true,true
post_88,r/NintendoSwitch,false,true,true
post_89,r/gaming,true,true,true
post_90,r/leagueoflegends,false,true,true
post_91,r/indiegames,true,true,true
post_92,r/Valorant,true,true,true
post_93,r/GlobalOffensive,false,true,true
post_94,r/patientgamers,false,true,false
post_95,r/Valorant,false,true,true
post_96,r/indiegames,true,true,false
post_97,r/leagueoflegends,false,true,false
post_98,r/skyrim,false,true,false
post_99,r/skyrim,false,true,true
post_100,r/GlobalOffensive,false,true,false
post_101,r/truegaming,true,true,false
post_102,r/patientgamers,true,true,false
post_103,r/patientgamers,false,true,false
post_104,r/patientgamers,true,true,true
post_105,r/NintendoSwitch,false,true,false
post_106,r/EldenRing,false,true,false
post_107,r/pcmasterrace,false,true,true
post_108,r/Valorant,false,true,true
post_109,r/Valorant,false,true,false
post_110,r/leagueoflegends,false,true,false
post_111,r/Valorant,false,true,false
post_112,r/EldenRing,true,true,true
post_113,r/patientgamers,true,true,true
post_114,r/Valorant,true,true,false
post_115,r/PS5,false,true,false
post_116,r/NintendoSwitch,true,true,true
post_117,r/FortniteBR,true,true,true
post_118,r/Valorant,false,true,false
post_119,r/NintendoSwitch,true,true,false
post_120,r/leagueoflegends,false,true,false
post_121,r/patientgamers,false,true,false
post_122,r/patientgamers,true,true,true
post_123,r/pcmasterrace,true,true,false
post_124,r/FortniteBR,true,true,false
post_125,r/gaming,false,true,true
post_126,r/PS5,true,true,true
post_127,r/truegaming,false,true,true
post_128,r/pcmasterrace,true,true,true
post_129,r/indiegames,true,true,true
post_130,r/truegaming,true,true,true
post_131,r/leagueoflegends,true,true,false
post_132,r/skyrim,false,true,false
post_133,r/truegaming,false,true,true
post_134,r/leagueoflegends,false,true,true
post_135,r/truegaming,false,true,true
post_136,r/indiegames,false,true,false
post_137,r/PS5,true,true,false
post_138,r/Helldivers,false,true,true
post_139,r/pcmasterrace,true,true,true
post_140,r/pcmasterrace,false,true,false
post_141,r/FortniteBR,true,true,false
post_142,r/truegaming,true,true,false
post_143,r/PS5,false,true,false
post_144,r/PS5,false,true,false
post_145,r/PS5,false,true,true
post_146,r/EldenRing,false,true,true
post_147,r/indiegames,true,true,false
post_148,r/EldenRing,true,true,true
post_149,r/Helldivers,false,true,true
post_150,r/FortniteBR,true,true,false
post_151,r/pcmasterrace,false,true,true
post_152,r/Valorant,false,true,true
post_153,r/skyrim,true,true,true
post_154,r/gaming,true,true,true
post_155,r/PS5,false,true,false
post_156,r/EldenRing,false,true,true
post_157,r/Helldivers,true,true,true
post_158,r/leagueoflegends,false,true,true
post_159,r/truegaming,false,true,false
post_160,r/Minecraft,true,true,true
post_161,r/leagueoflegends,true,true,false
post_162,r/Helldivers,false,true,true
post_163,r/patientgamers,false,true,true
post_164,r/gaming,true,true,false
post_165,r/NintendoSwitch,true,true,false
post_166,r/Minecraft,false,true,true
post_167,r/NintendoSwitch,false,true,false
post_168,r/skyrim,true,true,false
post_169,r/gaming,true,true,true
post_170,r/skyrim,true,true,true
post_171,r/Minecraft,false,true,true
post_172,r/FortniteBR,true,true,true
post_173,r/leagueoflegends,false,true,true
post_174,r/Valorant,true,true,true
post_175,r/truegaming,false,true,true
post_176,r/Minecraft,true,true,true
post_177,r/pcmasterrace,false,true,true
post_178,r/EldenRing,false,true,true
post_179,r/Helldivers,true,true,true
post_180,r/GlobalOffensive,true,true,false
post_181,r/Helldivers,true,true,false
post_182,r/leagueoflegends,true,true,false
post_183,r/GlobalOffensive,false,true,true
post_184,r/gaming,true,true,true
post_185,r/NintendoSwitch,true,true,false
post_186,r/EldenRing,true,true,false
post_187,r/GlobalOffensive,true,true,false
post_188,r/leagueoflegends,true,true,true
post_189,r/skyrim,true,true,true
post_190,r/truegaming,false,true,true
post_191,r/FortniteBR,true,true,false
post_192,r/EldenRing,true,true,true
post_193,r/FortniteBR,true,true,false
post_194,r/Valorant,false,true,true
post_195,r/PS5,true,true,false
post_196,r/Minecraft,true,true,true
post_197,r/patientgamers,true,true,false
post_198,r/skyrim,true,true,true
post_199,r/PS5,false,true,true
post_200,r/patientgamers,true,true,true
post_201,r/patientgamers,true,true,true
post_202,r/Valorant,false,true,true
post_203,r/patientgamers,true,true,false
post_204,r/gaming,true,true,false
post_205,r/FortniteBR,true,true,true
post_206,r/Valorant,false,true,false
post_207,r/GlobalOffensive,false,true,true
post_208,r/truegaming,false,true,true
post_209,r/pcmasterrace,false,true,false
post_210,r/gaming,false,true,false
post_211,r/Minecraft,false,true,true
post_212,r/indiegames,false,true,true
post_213,r/EldenRing,true,true,false
post_214,r/patientgamers,false,true,true
post_215,r/PS5,false,true,true
post_216,r/gaming,false,true,true
post_217,r/Valorant,true,true,true
post_218,r/GlobalOffensive,true,true,true
post_219,r/GlobalOffensive,true,true,false
post_220,r/GlobalOffensive,true,true,true
post_221,r/EldenRing,false,true,false
post_222,r/patientgamers,true,true,true
post_223,r/pcmasterrace,true,true,true
post_224,r/Minecraft,false,true,false
post_225,r/pcmasterrace,false,true,false
post_226,r/NintendoSwitch,false,true,false
post_227,r/FortniteBR,false,true,false
post_228,r/PS5,false,true,true
post_229,r/GlobalOffensive,true,true,true
post_230,r/patientgamers,true,true,false
post_231,r/FortniteBR,true,true,false
post_232,r/patientgamers,true,true,true
post_233,r/truegaming,false,true,false
post_234,r/pcmasterrace,false,true,false
post_235,r/EldenRing,false,true,false
post_236,r/pcmasterrace,true,true,true
post_237,r/Minecraft,true,true,true
post_238,r/pcmasterrace,true,true,false
post_239,r/Valorant,false,true,false
post_240,r/Valorant,false,true,true
post_241,r/skyrim,true,true,false
post_242,r/FortniteBR,true,true,false
post_243,r/skyrim,true,true,false
post_244,r/FortniteBR,false,true,true
post_245,r/FortniteBR,false,true,false
post_246,r/PS5,true,true,true
post_247,r/GlobalOffensive,false,true,true
post_248,r/patientgamers,false,true,true
post_249,r/GlobalOffensive,true,true,true
post_250,r/FortniteBR,false,true,false
post_251,r/Minecraft,true,true,true
post_252,r/patientgamers,true,true,true
post_253,r/GlobalOffensive,false,true,true
post_254,r/Helldivers,false,true,true
post_255,r/pcmasterrace,true,true,false
post_256,r/EldenRing,true,true,false
post_257,r/leagueoflegends,false,true,true
post_258,r/gaming,true,true,true
post_259,r/skyrim,false,true,true
post_260,r/Valorant,true,true,false
post_261,r/pcmasterrace,false,true,false
post_262,r/pcmasterrace,true,true,true
post_263,r/leagueoflegends,true,true,true
post_264,r/patientgamers,false,true,true
post_265,r/Helldivers,true,true,true
post_266,r/pcmasterrace,false,true,false
post_267,r/pcmasterrace,true,true,false
post_268,r/indiegames,true,true,true
post_269,r/gaming,true,true,false
post_270,r/EldenRing,false,true,false
post_271,r/Minecraft,true,true,true
post_272,r/Minecraft,false,true,true
post_273,r/GlobalOffensive,false,true,true
post_274,r/truegaming,false,true,false
post_275,r/Valorant,true,true,true
post_276,r/Helldivers,false,true,false
post_277,r/GlobalOffensive,false,true,false
post_278,r/patientgamers,true,true,false
post_279,r/gaming,true,true,true
post_280,r/PS5,false,true,true
post_281,r/truegaming,true,true,false
post_282,r/indiegames,true,true,false
post_283,r/PS5,false,true,true
post_284,r/skyrim,true,true,false
post_285,r/Valorant,true,true,false
post_286,r/EldenRing,true,true,true
post_287,r/GlobalOffensive,true,true,false
post_288,r/gaming,true,true,false
post_289,r/NintendoSwitch,true,true,false
post_290,r/EldenRing,false,true,false
post_291,r/truegaming,false,true,true
post_292,r/pcmasterrace,true,true,false
post_293,r/Minecraft,true,true,true
post_294,r/PS5,true,true,false
post_295,r/Valorant,true,true,false
post_296,r/GlobalOffensive,false,true,false
post_297,r/GlobalOffensive,true,true,false
post_298,r/FortniteBR,false,true,true
post_299,r/FortniteBR,false,true,false
post_300,r/patientgamers,true,true,false
post_301,r/Valorant,false,true,true
post_302,r/patientgamers,false,true,false
post_303,r/gaming,false,true,false
post_304,r/Helldivers,true,true,false
post_305,r/gaming,true,true,false
post_306,r/NintendoSwitch,true,true,true
post_307,r/truegaming,true,true,true
post_308,r/skyrim,false,true,true
post_309,r/EldenRing,false,true,true
post_310,r/patientgamers,true,true,false
post_311,r/pcmasterrace,true,true,false
post_312,r/truegaming,false,true,false
post_313,r/truegaming,false,true,false
post_314,r/EldenRing,false,true,true
post_315,r/Helldivers,false,true,false
post_316,r/pcmasterrace,false,true,true
post_317,r/gaming,false,true,true
post_318,r/gaming,true,true,true
post_319,r/leagueoflegends,true,true,false
post_320,r/pcmasterrace,false,true,false
post_321,r/indiegames,false,true,true
post_322,r/leagueoflegends,false,true,false
post_323,r/patientgamers,false,true,true
post_324,r/FortniteBR,false,true,true
post_325,r/GlobalOffensive,true,true,false
post_326,r/skyrim,true,true,true
post_327,r/FortniteBR,true,true,false
post_328,r/gaming,true,true,false
post_329,r/Helldivers,false,true,true
post_330,r/skyrim,true,true,true
post_331,r/NintendoSwitch,true,true,true
post_332,r/Minecraft,false,true,false
post_333,r/leagueoflegends,true,true,false
post_334,r/GlobalOffensive,false,true,true
post_335,r/Valorant,false,true,true
post_336,r/Minecraft,false,true,false
post_337,r/PS5,true,true,true
post_338,r/pcmasterrace,true,true,true
post_339,r/gaming,true,true,true
post_340,r/gaming,false,true,true
post_341,r/truegaming,true,true,false
post_342,r/FortniteBR,true,true,true
post_343,r/Valorant,true,true,false
post_344,r/Valorant,false,true,true
post_345,r/GlobalOffensive,false,true,false
post_346,r/skyrim,false,true,false
post_347,r/truegaming,true,true,true
post_348,r/gaming,true,true,true
post_349,r/Helldivers,true,true,false
post_350,r/FortniteBR,true,true,false
post_351,r/PS5,false,true,false
post_352,r/Helldivers,false,true,false
post_353,r/PS5,false,true,true
post_354,r/patientgamers,true,true,true
post_355,r/indiegames,true,true,true
post_356,r/Valorant,true,true,true
post_357,r/NintendoSwitch,true,true,false
post_358,r/Minecraft,false,true,false
post_359,r/Minecraft,false,true,false
post_360,r/leagueoflegends,false,true,true
post_361,r/EldenRing,false,true,true
post_362,r/indiegames,false,true,true
post_363,r/pcmasterrace,false,true,false
post_364,r/NintendoSwitch,true,true,false
post_365,r/leagueoflegends,true,true,true
post_366,r/truegaming,false,true,true
post_367,r/pcmasterrace,true,true,false
post_368,r/gaming,false,true,true
post_369,r/leagueoflegends,false,true,false
post_370,r/GlobalOffensive,true,true,false
post_371,r/Minecraft,true,true,true
post_372,r/GlobalOffensive,false,true,true
post_373,r/Helldivers,true,true,false
post_374,r/patientgamers,false,true,true
post_375,r/truegaming,true,true,true
post_376,r/Helldivers,false,true,false
post_377,r/patientgamers,true,true,true
post_378,r/pcmasterrace,true,true,true
post_379,r/pcmasterrace,false,true,true
post_380,r/PS5,true,true,false
post_381,r/FortniteBR,false,true,false
post_382,r/NintendoSwitch,false,true,true
post_383,r/EldenRing,false,true,true
post_384,r/indiegames,false,true,false
post_385,r/indiegames,true,true,false
post_386,r/truegaming,true,true,false
post_387,r/PS5,true,true,false
post_388,r/EldenRing,false,true,false
post_389,r/GlobalOffensive,false,true,true
post_390,r/PS5,false,true,false
post_391,r/leagueoflegends,false,true,false
post_392,r/Minecraft,true,true,true
post_393,r/Minecraft,false,true,true
post_394,r/gaming,false,true,false
post_395,r/Helldivers,true,true,false
post_396,r/Valorant,false,true,false
post_397,r/NintendoSwitch,true,true,true
post_398,r/FortniteBR,true,true,false
post_399,r/Valorant,false,true,false
post_400,r/GlobalOffensive,false,true,false
post_401,r/gaming,false,true,true
post_402,r/EldenRing,false,true,true
post_403,r/indiegames,false,true,false
post_404,r/Minecraft,false,true,true
post_405,r/EldenRing,false,true,true
post_406,r/Helldivers,true,true,false
post_407,r/EldenRing,true,true,false
post_408,r/GlobalOffensive,false,true,false
post_409,r/gaming,true,true,false
post_410,r/Helldivers,false,true,false
post_411,r/EldenRing,true,true,true
post_412,r/Helldivers,false,true,true
post_413,r/patientgamers,true,true,false
post_414,r/PS5,false,true,true
post_415,r/EldenRing,false,true,false
post_416,r/truegaming,false,true,false
post_417,r/truegaming,false,true,true
post_418,r/PS5,false,true,true
post_419,r/leagueoflegends,true,true,false
post_420,r/PS5,false,true,false
post_421,r/indiegames,true,true,false
post_422,r/PS5,true,true,true
post_423,r/indiegames,false,true,true
post_424,r/indiegames,true,true,true
post_425,r/PS5,false,true,true
post_426,r/skyrim,false,true,true
post_427,r/EldenRing,false,true,true
post_428,r/EldenRing,true,true,true
post_429,r/leagueoflegends,false,true,false
post_430,r/pcmasterrace,true,true,true
post_431,r/FortniteBR,false,true,false
post_432,r/pcmasterrace,false,true,false
post_433,r/FortniteBR,false,true,true
post_434,r/skyrim,false,true,true
post_435,r/EldenRing,true,true,true
post_436,r/indiegames,false,true,true
post_437,r/Helldivers,true,true,false
post_438,r/EldenRing,true,true,true
post_439,r/Helldivers,false,true,true
post_440,r/Valorant,true,true,false
post_441,r/pcmasterrace,true,true,false
post_442,r/indiegames,false,true,true
post_443,r/NintendoSwitch,false,true,true
post_444,r/Helldivers,false,true,false
post_445,r/GlobalOffensive,true,true,true
post_446,r/skyrim,true,true,true
post_447,r/truegaming,false,true,true
post_448,r/Valorant,true,true,false
post_449,r/leagueoflegends,true,true,false
post_450,r/indiegames,false,true,true
post_451,r/gaming,true,true,false
post_452,r/patientgamers,true,true,true
post_453,r/GlobalOffensive,true,true,false
post_454,r/Minecraft,true,true,true
post_455,r/NintendoSwitch,true,true,true
post_456,r/PS5,true,true,true
post_457,r/FortniteBR,false,true,true
post_458,r/leagueoflegends,false,true,false
post_459,r/EldenRing,true,true,true
post_460,r/truegaming,true,true,true
post_461,r/GlobalOffensive,false,true,true
post_462,r/leagueoflegends,true,true,true
post_463,r/FortniteBR,true,true,false
post_464,r/PS5,true,true,true
post_465,r/pcmasterrace,false,true,true
post_466,r/patientgamers,false,true,true
post_467,r/leagueoflegends,true,true,true
post_468,r/indiegames,false,true,true
post_469,r/Valorant,false,true,false
post_470,r/GlobalOffensive,false,true,false
post_471,r/leagueoflegends,false,true,true
post_472,r/EldenRing,true,true,true
post_473,r/truegaming,true,true,false
post_474,r/gaming,false,true,true
post_475,r/EldenRing,true,true,false
post_476,r/indiegames,true,true,true
post_477,r/skyrim,false,true,true
post_478,r/FortniteBR,false,true,true
post_479,r/indiegames,true,true,true
post_480,r/indiegames,false,true,false
post_481,r/Valorant,false,true,false
post_482,r/FortniteBR,false,true,false
post_483,r/GlobalOffensive,false,true,false
post_484,r/indiegames,true,true,false
post_485,r/FortniteBR,true,true,false
post_486,r/truegaming,true,true,true
post_487,r/NintendoSwitch,false,true,true
post_488,r/patientgamers,false,true,true
post_489,r/NintendoSwitch,false,true,false
post_490,r/indiegames,true,true,true
post_491,r/pcmasterrace,true,true,true
post_492,r/EldenRing,true,true,false
post_493,r/FortniteBR,false,true,true
post_494,r/NintendoSwitch,false,true,true
post_495,r/skyrim,false,true,true
post_496,r/gaming,false,true,true
post_497,r/EldenRing,true,true,false
post_498,r/FortniteBR,false,true,false
post_499,r/Minecraft,false,true,true
post_500,r/truegaming,false,true,true
post_501,r/pcmasterrace,false,true,true
post_502,r/indiegames,true,true,false
post_503,r/GlobalOffensive,false,true,true
post_504,r/indiegames,false,true,true
post_505,r/gaming,false,true,false
post_506,r/leagueoflegends,false,true,false
post_507,r/patientgamers,true,true,true
post_508,r/FortniteBR,true,true,false
post_509,r/pcmasterrace,true,true,false
post_510,r/skyrim,false,true,false
post_511,r/Minecraft,true,true,false
post_512,r/skyrim,true,true,true
post_513,r/Valorant,true,true,true
post_514,r/indiegames,false,true,true
post_515,r/Minecraft,false,true,false
post_516,r/Valorant,false,true,true
post_517,r/truegaming,false,true,true
post_518,r/FortniteBR,false,true,false
post_519,r/Helldivers,true,true,true
post_520,r/truegaming,false,true,false
post_521,r/GlobalOffensive,false,true,false
post_522,r/pcmasterrace,false,true,false
post_523,r/Minecraft,true,true,false
post_524,r/indiegames,false,true,true
post_525,r/skyrim,false,true,true
post_526,r/gaming,false,true,false
post_527,r/GlobalOffensive,true,true,true
post_528,r/FortniteBR,true,true,true
post_529,r/gaming,false,true,false
post_530,r/patientgamers,false,true,true
post_531,r/Helldivers,true,true,true
post_532,r/Helldivers,false,true,false
post_533,r/NintendoSwitch,false,true,true
post_534,r/Helldivers,true,true,true
post_535,r/Minecraft,true,true,false
post_536,r/patientgamers,true,true,true
post_537,r/Valorant,false,true,false
post_538,r/FortniteBR,true,true,false
post_539,r/patientgamers,false,true,false
post_540,r/PS5,true,true,false
post_541,r/indiegames,false,true,false
post_542,r/patientgamers,false,true,false
post_543,r/Helldivers,false,true,true
post_544,r/indiegames,true,true,true
post_545,r/indiegames,false,true,false
post_546,r/PS5,true,true,false
post_547,r/gaming,false,true,false
post_548,r/Minecraft,true,true,false
post_549,r/skyrim,true,true,true
post_550,r/truegaming,true,true,false
post_551,r/Helldivers,false,true,true
post_552,r/PS5,true,true,true
post_553,r/pcmasterrace,true,true,true
post_554,r/pcmasterrace,false,true,true
post_555,r/FortniteBR,true,true,true
post_556,r/Minecraft,true,true,false
post_557,r/FortniteBR,false,true,true
post_558,r/Minecraft,true,true,false
post_559,r/PS5,true,true,false
post_560,r/GlobalOffensive,false,true,false
post_561,r/pcmasterrace,true,true,false
post_562,r/NintendoSwitch,true,true,true
post_563,r/truegaming,false,true,true
post_564,r/GlobalOffensive,true,true,false
post_565,r/pcmasterrace,false,true,false
post_566,r/PS5,false,true,true
post_567,r/pcmasterrace,false,true,false
post_568,r/Valorant,true,true,true
post_569,r/skyrim,true,true,false
post_570,r/indiegames,false,true,true
post_571,r/FortniteBR,true,true,false
post_572,r/EldenRing,false,true,false
post_573,r/truegaming,true,true,false
post_574,r/FortniteBR,true,true,true
post_575,r/skyrim,true,true,true
post_576,r/patientgamers,false,true,false
post_577,r/indiegames,false,true,false
post_578,r/gaming,false,true,false
post_579,r/leagueoflegends,false,true,false
post_580,r/FortniteBR,true,true,false
post_581,r/leagueoflegends,false,true,true
post_582,r/Helldivers,true,true,true
post_583,r/Valorant,true,true,false
post_584,r/pcmasterrace,false,true,false
post_585,r/FortniteBR,false,true,false
post_586,r/FortniteBR,true,true,true
post_587,r/EldenRing,true,true,false
post_588,r/indiegames,false,true,false
post_589,r/Valorant,true,true,false
post_590,r/leagueoflegends,true,true,true
post_591,r/truegaming,false,true,true
post_592,r/indiegames,true,true,false
post_593,r/skyrim,false,true,false
post_594,r/leagueoflegends,false,true,true
post_595,r/NintendoSwitch,false,true,true
post_596,r/leagueoflegends,true,true,true
post_597,r/Helldivers,true,true,true
post_598,r/Helldivers,false,true,false
post_599,r/EldenRing,true,true,true
post_600,r/skyrim,true,true,true
post_601,r/Valorant,true,true,false
post_602,r/NintendoSwitch,true,true,true
post_603,r/NintendoSwitch,false,true,false
post_604,r/FortniteBR,false,true,false
post_605,r/skyrim,false,true,true
post_606,r/gaming,true,true,false
post_607,r/NintendoSwitch,true,true,true
post_608,r/Valorant,false,true,false
post_609,r/EldenRing,true,true,false
post_610,r/indiegames,false,true,true
post_611,r/Helldivers,true,true,false
post_612,r/indiegames,true,true,true
post_613,r/Minecraft,true,true,false
post_614,r/truegaming,true,true,false
post_615,r/skyrim,false,true,true
post_616,r/PS5,true,true,false
post_617,r/EldenRing,true,true,true
post_618,r/pcmasterrace,true,true,true
post_619,r/gaming,true,true,true
post_620,r/indiegames,true,true,false
post_621,r/skyrim,false,true,true
post_622,r/PS5,false,true,true
post_623,r/truegaming,true,true,true
post_624,r/skyrim,true,true,false
post_625,r/patientgamers,true,true,false
post_626,r/truegaming,false,true,true
post_627,r/FortniteBR,true,true,true
post_628,r/PS5,false,true,true
post_629,r/EldenRing,true,true,false
post_630,r/NintendoSwitch,true,true,true
post_631,r/EldenRing,true,true,true
post_632,r/GlobalOffensive,true,true,false
post_633,r/NintendoSwitch,false,true,false
post_634,r/pcmasterrace,false,true,false
post_635,r/truegaming,false,true,true
post_636,r/indiegames,true,true,true
post_637,r/GlobalOffensive,false,true,false
post_638,r/truegaming,false,true,true
post_639,r/indiegames,false,true,false
post_640,r/leagueoflegends,false,true,false
post_641,r/PS5,true,true,true
post_642,r/GlobalOffensive,true,true,true
post_643,r/NintendoSwitch,false,true,false
post_644,r/Valorant,true,true,true
post_645,r/FortniteBR,false,true,false
post_646,r/patientgamers,false,true,false
post_647,r/FortniteBR,true,true,false
post_648,r/truegaming,true,true,true
post_649,r/gaming,false,true,true
post_650,r/GlobalOffensive,true,true,true
post_651,r/EldenRing,false,true,true
post_652,r/Minecraft,true,true,true
post_653,r/indiegames,false,true,false
post_654,r/Helldivers,true,true,true
post_655,r/skyrim,true,true,true
post_656,r/gaming,false,true,false
post_657,r/Valorant,true,true,true
post_658,r/GlobalOffensive,true,true,false
post_659,r/patientgamers,true,true,true
post_660,r/Valorant,false,true,true
post_661,r/Minecraft,false,true,true
post_662,r/truegaming,true,true,false
post_663,r/EldenRing,true,true,true
post_664,r/skyrim,false,true,false
post_665,r/patientgamers,true,true,true
post_666,r/patientgamers,true,true,true
post_667,r/gaming,true,true,true
post_668,r/Minecraft,false,true,true
post_669,r/pcmasterrace,false,true,false
post_670,r/patientgamers,true,true,false
post_671,r/indiegames,true,true,false
post_672,r/EldenRing,false,true,true
post_673,r/indiegames,false,true,false
post_674,r/pcmasterrace,true,true,true
post_675,r/truegaming,false,true,false
post_676,r/leagueoflegends,true,true,true
post_677,r/Helldivers,true,true,false
post_678,r/gaming,true,true,false
post_679,r/skyrim,false,true,false
post_680,r/Helldivers,false,true,false
post_681,r/Helldivers,false,true,true
post_682,r/GlobalOffensive,false,true,true
post_683,r/gaming,false,true,true
post_684,r/NintendoSwitch,true,true,false
post_685,r/gaming,true,true,true
post_686,r/Minecraft,true,true,false
post_687,r/PS5,true,true,true
post_688,r/Minecraft,false,true,true
post_689,r/Helldivers,false,true,true
post_690,r/indiegames,false,true,true
post_691,r/GlobalOffensive,true,true,false
post_692,r/NintendoSwitch,false,true,true
post_693,r/pcmasterrace,true,true,false
post_694,r/GlobalOffensive,false,true,true
post_695,r/PS5,true,true,true
post_696,r/skyrim,false,true,true
post_697,r/skyrim,false,true,true
post_698,r/Helldivers,true,true,false
post_699,r/EldenRing,false,true,true
post_700,r/FortniteBR,true,true,false
post_701,r/EldenRing,false,true,false
post_702,r/truegaming,false,true,true
post_703,r/NintendoSwitch,false,true,false
post_704,r/FortniteBR,false,true,false
post_705,r/Valorant,true,true,true
post_706,r/gaming,false,true,false
post_707,r/gaming,true,true,true
post_708,r/indiegames,true,true,false
post_709,r/leagueoflegends,true,true,false
post_710,r/Helldivers,true,true,false
post_711,r/GlobalOffensive,false,true,false
post_712,r/Minecraft,false,true,true
post_713,r/leagueoflegends,true,true,true
post_714,r/Valorant,false,true,false
post_715,r/gaming,true,true,true
post_716,r/leagueoflegends,false,true,false
post_717,r/pcmasterrace,true,true,false
post_718,r/EldenRing,true,true,true
post_719,r/indiegames,false,true,false
post_720,r/FortniteBR,true,true,true
post_721,r/leagueoflegends,false,true,true
post_722,r/pcmasterrace,false,true,true
post_723,r/pcmasterrace,false,true,false
post_724,r/Helldivers,false,true,false
post_725,r/gaming,true,true,true
post_726,r/NintendoSwitch,true,true,false
post_727,r/FortniteBR,false,true,false
post_728,r/Minecraft,true,true,true
post_729,r/FortniteBR,true,true,false
post_730,r/FortniteBR,true,true,true
post_731,r/Minecraft,true,true,true
post_732,r/NintendoSwitch,false,true,false
post_733,r/indiegames,true,true,false
post_734,r/Helldivers,false,true,true
post_735,r/NintendoSwitch,false,true,false
post_736,r/GlobalOffensive,true,true,true
post_737,r/EldenRing,true,true,true
post_738,r/truegaming,false,true,false
post_739,r/PS5,true,true,true
post_740,r/Minecraft,false,true,false
post_741,r/truegaming,false,true,true
post_742,r/truegaming,true,true,true
post_743,r/GlobalOffensive,true,true,true
post_744,r/patientgamers,true,true,true
post_745,r/Helldivers,true,true,false
post_746,r/FortniteBR,true,true,false
post_747,r/Helldivers,true,true,true
post_748,r/EldenRing,false,true,false
post_749,r/Valorant,true,true,true
post_750,r/Helldivers,true,true,true
post_751,r/Minecraft,false,true,true
post_752,r/Helldivers,true,true,true
post_753,r/Minecraft,true,true,true
post_754,r/Valorant,false,true,false
post_755,r/Valorant,false,true,true
post_756,r/indiegames,true,true,true
post_757,r/pcmasterrace,true,true,false
post_758,r/GlobalOffensive,false,true,false
post_759,r/pcmasterrace,false,true,true
post_760,r/gaming,false,true,true
post_761,r/PS5,false,true,false
post_762,r/GlobalOffensive,false,true,false
post_763,r/Minecraft,true,true,false
post_764,r/skyrim,true,true,false
post_765,r/truegaming,true,true,false
post_766,r/leagueoflegends,false,true,false
post_767,r/gaming,false,true,false
post_768,r/EldenRing,true,true,true
post_769,r/skyrim,false,true,false
post_770,r/leagueoflegends,false,true,false
post_771,r/Minecraft,true,true,true
post_772,r/FortniteBR,false,true,true
post_773,r/Valorant,false,true,false
post_774,r/leagueoflegends,false,true,false
post_775,r/patientgamers,true,true,true
post_776,r/patientgamers,false,true,true
post_777,r/Helldivers,false,true,false
post_778,r/leagueoflegends,false,true,true
post_779,r/EldenRing,false,true,false
post_780,r/Valorant,false,true,false
post_781,r/leagueoflegends,false,true,true
post_782,r/Valorant,true,true,true
post_783,r/pcmasterrace,true,true,true
post_784,r/Valorant,true,true,true
post_785,r/indiegames,true,true,false
post_786,r/Helldivers,true,true,true
post_787,r/patientgamers,false,true,false
post_788,r/gaming,false,true,false
post_789,r/EldenRing,false,true,true
post_790,r/truegaming,false,true,false
post_791,r/GlobalOffensive,true,true,true
post_792,r/GlobalOffensive,true,true,true
post_793,r/GlobalOffensive,true,true,true
post_794,r/pcmasterrace,true,true,false
post_795,r/patientgamers,false,true,false
post_796,r/patientgamers,false,true,true
post_797,r/PS5,false,true,false
post_798,r/gaming,false,true,true
post_799,r/Helldivers,false,true,false
post_800,r/Helldivers,false,true,false
post_801,r/pcmasterrace,true,true,false
post_802,r/GlobalOffensive,false,true,false
post_803,r/truegaming,true,true,true
post_804,r/EldenRing,true,true,false
post_805,r/Minecraft,true,true,false
post_806,r/pcmasterrace,true,true,false
post_807,r/Valorant,false,true,false
post_808,r/Valorant,true,true,true
post_809,r/PS5,false,true,true
post_810,r/patientgamers,true,true,true
post_811,r/indiegames,false,true,true
post_812,r/Minecraft,false,true,false
post_813,r/FortniteBR,false,true,false
post_814,r/gaming,false,true,false
post_815,r/Valorant,false,true,false
post_816,r/Minecraft,true,true,true
post_817,r/skyrim,true,true,true
post_818,r/EldenRing,false,true,false
post_819,r/PS5,false,true,true
post_820,r/leagueoflegends,true,true,false
post_821,r/skyrim,false,true,true
post_822,r/pcmasterrace,false,true,false
post_823,r/Helldivers,false,true,true
post_824,r/PS5,false,true,false
post_825,r/leagueoflegends,true,true,true
post_826,r/NintendoSwitch,false,true,false
post_827,r/leagueoflegends,false,true,false
post_828,r/indiegames,false,true,true
post_829,r/patientgamers,true,true,true
post_830,r/pcmasterrace,true,true,false
post_831,r/Valorant,true,true,false
post_832,r/Minecraft,false,true,true
post_833,r/PS5,true,true,true
post_834,r/NintendoSwitch,false,true,false
post_835,r/PS5,true,true,false
post_836,r/skyrim,false,true,true
post_837,r/skyrim,true,true,false
post_838,r/GlobalOffensive,false,true,true
post_839,r/PS5,false,true,true
post_840,r/indiegames,true,true,true
post_841,r/EldenRing,false,true,true
post_842,r/EldenRing,false,true,false
post_843,r/Helldivers,true,true,false
post_844,r/indiegames,true,true,false
post_845,r/Helldivers,false,true,true
post_846,r/NintendoSwitch,false,true,false
post_847,r/leagueoflegends,true,true,true
post_848,r/EldenRing,true,true,false
post_849,r/Helldivers,true,true,true
post_850,r/NintendoSwitch,true,true,true
post_851,r/EldenRing,false,true,false
post_852,r/GlobalOffensive,false,true,false
post_853,r/truegaming,false,true,true
post_854,r/Valorant,true,true,true
post_855,r/FortniteBR,true,true,false
post_856,r/indiegames,true,true,false
post_857,r/pcmasterrace,true,true,false
post_858,r/EldenRing,true,true,false
post_859,r/skyrim,false,true,true
post_860,r/Minecraft,true,true,false
post_861,r/Minecraft,true,true,true
post_862,r/NintendoSwitch,false,true,true
post_863,r/pcmasterrace,false,true,true
post_864,r/NintendoSwitch,true,true,false
post_865,r/pcmasterrace,false,true,true
post_866,r/FortniteBR,false,true,true
post_867,r/PS5,false,true,false
post_868,r/gaming,true,true,true
post_869,r/EldenRing,true,true,true
post_870,r/pcmasterrace,true,true,false
post_871,r/PS5,false,true,true
post_872,r/EldenRing,true,true,false
post_873,r/Valorant,false,true,true
post_874,r/NintendoSwitch,false,true,false
post_875,r/skyrim,false,true,false
post_876,r/skyrim,true,true,false
post_877,r/pcmasterrace,true,true,true
post_878,r/EldenRing,false,true,false
post_879,r/pcmasterrace,false,true,false
post_880,r/EldenRing,false,true,false
post_881,r/FortniteBR,true,true,true
post_882,r/GlobalOffensive,false,true,true
post_883,r/NintendoSwitch,false,true,false
post_884,r/Minecraft,true,true,true
post_885,r/Helldivers,true,true,true
post_886,r/EldenRing,false,true,false
post_887,r/EldenRing,false,true,false
post_888,r/Helldivers,true,true,true
post_889,r/leagueoflegends,false,true,true
post_890,r/GlobalOffensive,true,true,true
post_891,r/indiegames,true,true,true
post_892,r/EldenRing,false,true,false
post_893,r/skyrim,false,true,true
post_894,r/pcmasterrace,false,true,false
post_895,r/EldenRing,false,true,true
post_896,r/Helldivers,false,true,false
post_897,r/gaming,false,true,false
post_898,r/indiegames,true,true,false
post_899,r/Helldivers,true,true,false
post_900,r/leagueoflegends,false,true,true
post_901,r/pcmasterrace,false,true,true
post_902,r/NintendoSwitch,false,true,true
post_903,r/gaming,true,true,true
post_904,r/skyrim,true,true,true
post_905,r/GlobalOffensive,false,true,false
post_906,r/NintendoSwitch,true,true,true
post_907,r/Helldivers,true,true,true
post_908,r/NintendoSwitch,true,true,false
post_909,r/Valorant,false,true,false
post_910,r/Valorant,true,true,false
post_911,r/Valorant,false,true,true
post_912,r/pcmasterrace,true,true,false
post_913,r/truegaming,false,true,false
post_914,r/indiegames,true,true,false
post_915,r/leagueoflegends,true,true,false
post_916,r/leagueoflegends,true,true,true
post_917,r/GlobalOffensive,true,true,false
post_918,r/Minecraft,false,true,false
post_919,r/FortniteBR,true,true,false
post_920,r/NintendoSwitch,true,true,false
post_921,r/PS5,true,true,true
post_922,r/gaming,false,true,true
post_923,r/Helldivers,true,true,false
post_924,r/EldenRing,true,true,false
post_925,r/leagueoflegends,true,true,false
post_926,r/Minecraft,false,true,true
post_927,r/indiegames,false,true,true
post_928,r/EldenRing,true,true,true
post_929,r/leagueoflegends,false,true,false
post_930,r/truegaming,false,true,true
post_931,r/EldenRing,false,true,true
post_932,r/truegaming,true,true,true
post_933,r/truegaming,true,true,true
post_934,r/truegaming,true,true,true
post_935,r/indiegames,true,true,false
post_936,r/Minecraft,true,true,false
post_937,r/pcmasterrace,true,true,true
post_938,r/FortniteBR,true,true,true
post_939,r/indiegames,false,true,false
post_940,r/truegaming,false,true,false
post_941,r/Helldivers,true,true,true
post_942,r/NintendoSwitch,true,true,false
post_943,r/GlobalOffensive,true,true,false
post_944,r/pcmasterrace,true,true,false
post_945,r/Helldivers,true,true,true
post_946,r/truegaming,true,true,true
post_947,r/NintendoSwitch,false,true,true
post_948,r/PS5,false,true,true
post_949,r/NintendoSwitch,false,true,false
post_950,r/Minecraft,true,true,false
post_951,r/Minecraft,true,true,false
post_952,r/GlobalOffensive,true,true,false
post_953,r/EldenRing,false,true,false
post_954,r/patientgamers,true,true,true
post_955,r/leagueoflegends,true,true,false
post_956,r/indiegames,true,true,false
post_957,r/Valorant,true,true,true
post_958,r/Helldivers,false,true,true
post_959,r/indiegames,true,true,true
post_960,r/EldenRing,false,true,false
post_961,r/truegaming,false,true,false
post_962,r/NintendoSwitch,false,true,false
post_963,r/pcmasterrace,true,true,true
post_964,r/NintendoSwitch,false,true,false
post_965,r/PS5,false,true,false
post_966,r/indiegames,true,true,false
post_967,r/gaming,true,true,true
post_968,r/indiegames,false,true,false
post_969,r/gaming,true,true,true
post_970,r/indiegames,true,true,false
post_971,r/GlobalOffensive,false,true,true
post_972,r/Helldivers,false,true,false
post_973,r/EldenRing,true,true,false
post_974,r/gaming,true,true,false
post_975,r/gaming,false,true,true
post_976,r/Minecraft,true,true,false
post_977,r/indiegames,false,true,true
post_978,r/Helldivers,true,true,true
post_979,r/gaming,true,true,false
post_980,r/FortniteBR,false,true,true
post_981,r/truegaming,true,true,false
post_982,r/NintendoSwitch,true,true,true
post_983,r/patientgamers,false,true,false
post_984,r/Helldivers,false,true,true
post_985,r/truegaming,true,true,false
post_986,r/leagueoflegends,true,true,false
post_987,r/truegaming,false,true,false
post_988,r/leagueoflegends,true,true,true
post_989,r/PS5,false,true,true
post_990,r/PS5,false,true,true
post_991,r/GlobalOffensive,true,true,false
post_992,r/patientgamers,true,true,true
post_993,r/skyrim,true,true,false
post_994,r/skyrim,false,true,true
post_995,r/truegaming,true,true,true
post_996,r/Valorant,true,true,true
post_997,r/NintendoSwitch,false,true,true
post_998,r/pcmasterrace,true,true,true
post_999,r/truegaming,false,true,false
post_1000,r/Helldivers,false,true,false
post_1001,r/truegaming,false,true,false
post_1002,r/skyrim,false,true,true
post_1003,r/skyrim,false,true,true
post_1004,r/pcmasterrace,true,true,false
post_1005,r/indiegames,false,true,true
post_1006,r/GlobalOffensive,false,true,true
post_1007,r/patientgamers,true,true,true
post_1008,r/truegaming,true,true,false
post_1009,r/truegaming,true,true,true
post_1010,r/pcmasterrace,false,true,true
post_1011,r/FortniteBR,true,true,true
post_1012,r/patientgamers,false,true,false
post_1013,r/EldenRing,true,true,false
post_1014,r/skyrim,false,true,true
post_1015,r/pcmasterrace,false,true,false
post_1016,r/patientgamers,false,true,false
post_1017,r/gaming,false,true,false
post_1018,r/indiegames,false,true,false
post_1019,r/gaming,true,true,true
post_1020,r/skyrim,false,true,false
post_1021,r/Valorant,false,true,true
post_1022,r/FortniteBR,true,true,false
post_1023,r/leagueoflegends,false,true,false
post_1024,r/FortniteBR,true,true,true
post_1025,r/skyrim,true,true,false
post_1026,r/FortniteBR,false,true,true
post_1027,r/EldenRing,false,true,true
post_1028,r/truegaming,true,true,true
post_1029,r/indiegames,false,true,true
post_1030,r/Helldivers,false,true,true
post_1031,r/Valorant,true,true,true
post_1032,r/NintendoSwitch,true,true,true
post_1033,r/patientgamers,false,true,true
post_1034,r/skyrim,false,true,false
post_1035,r/skyrim,true,true,true
post_1036,r/Valorant,true,true,true
post_1037,r/NintendoSwitch,false,true,true
post_1038,r/indiegames,true,true,false
post_1039,r/Valorant,false,true,false
post_1040,r/leagueoflegends,true,true,true
post_1041,r/gaming,true,true,true
post_1042,r/skyrim,false,true,false
post_1043,r/leagueoflegends,true,true,true
post_1044,r/skyrim,true,true,true
post_1045,r/FortniteBR,false,true,false
post_1046,r/truegaming,false,true,true
post_1047,r/indiegames,true,true,false
post_1048,r/Valorant,false,true,false
post_1049,r/GlobalOffensive,true,true,false
post_1050,r/Minecraft,true,true,true
post_1051,r/GlobalOffensive,true,true,true
post_1052,r/Valorant,true,true,false
post_1053,r/Valorant,true,true,true
post_1054,r/gaming,false,true,true
post_1055,r/PS5,true,true,false
post_1056,r/EldenRing,false,true,false
post_1057,r/skyrim,false,true,true
post_1058,r/Valorant,false,true,true
post_1059,r/EldenRing,true,true,false
post_1060,r/gaming,false,true,true
post_1061,r/leagueoflegends,true,true,false
post_1062,r/NintendoSwitch,true,true,true
post_1063,r/patientgamers,false,true,true
post_1064,r/indiegames,false,true,false
post_1065,r/patientgamers,true,true,true
post_1066,r/patientgamers,false,true,false
post_1067,r/truegaming,true,true,true
post_1068,r/Minecraft,false,true,false
post_1069,r/leagueoflegends,false,true,true
post_1070,r/NintendoSwitch,false,true,false
post_1071,r/Valorant,true,true,false
post_1072,r/FortniteBR,true,true,true
post_1073,r/skyrim,true,true,true
post_1074,r/patientgamers,true,true,false
post_1075,r/EldenRing,false,true,false
post_1076,r/NintendoSwitch,true,true,false
post_1077,r/patientgamers,true,true,false
post_1078,r/EldenRing,true,true,false
post_1079,r/patientgamers,true,true,false
post_1080,r/leagueoflegends,true,true,true
post_1081,r/EldenRing,true,true,true
post_1082,r/pcmasterrace,false,true,false
post_1083,r/gaming,true,true,false
post_1084,r/Valorant,true,true,true
post_1085,r/pcmasterrace,false,true,false
post_1086,r/truegaming,false,true,true
post_1087,r/FortniteBR,true,true,false
post_1088,r/indiegames,false,true,true
post_1089,r/truegaming,false,true,false
post_1090,r/FortniteBR,false,true,false
post_1091,r/gaming,true,true,false
post_1092,r/PS5,false,true,true
post_1093,r/leagueoflegends,true,true,true
post_1094,r/indiegames,true,true,true
post_1095,r/skyrim,false,true,true
post_1096,r/Valorant,false,true,true
post_1097,r/indiegames,true,true,false
post_1098,r/indiegames,false,true,true
post_1099,r/gaming,true,true,true
post_1100,r/Valorant,false,true,true
post_1101,r/gaming,true,true,true
post_1102,r/pcmasterrace,false,true,false
post_1103,r/truegaming,true,true,true
post_1104,r/pcmasterrace,false,true,false
post_1105,r/PS5,true,true,true
post_1106,r/Helldivers,true,true,false
post_1107,r/Minecraft,false,true,true
post_1108,r/PS5,true,true,true
post_1109,r/truegaming,false,true,true
post_1110,r/Helldivers,true,true,false
post_1111,r/Helldivers,false,true,true
post_1112,r/FortniteBR,false,true,true
post_1113,r/Valorant,true,true,false
post_1114,r/NintendoSwitch,true,true,false
post_1115,r/leagueoflegends,false,true,false
post_1116,r/Valorant,false,true,false
post_1117,r/EldenRing,false,true,false
post_1118,r/GlobalOffensive,false,true,false
post_1119,r/PS5,false,true,true
post_1120,r/Helldivers,false,true,false
post_1121,r/gaming,false,true,false
post_1122,r/leagueoflegends,true,true,false
post_1123,r/FortniteBR,true,true,false
post_1124,r/indiegames,false,true,false
post_1125,r/gaming,false,true,false
post_1126,r/PS5,false,true,true
post_1127,r/pcmasterrace,true,true,true
post_1128,r/FortniteBR,true,true,true
post_1129,r/Helldivers,false,true,true
post_1130,r/gaming,true,true,true
post_1131,r/PS5,true,true,true
post_1132,r/skyrim,true,true,false
post_1133,r/leagueoflegends,true,true,false
post_1134,r/indiegames,true,true,false
post_1135,r/Helldivers,true,true,true
post_1136,r/indiegames,true,true,true
post_1137,r/EldenRing,false,true,false
post_1138,r/Helldivers,false,true,false
post_1139,r/leagueoflegends,false,true,false
post_1140,r/Helldivers,true,true,true
post_1141,r/Minecraft,false,true,true
post_1142,r/indiegames,false,true,false
post_1143,r/truegaming,true,true,false
post_1144,r/PS5,false,true,false
post_1145,r/FortniteBR,false,true,false
post_1146,r/truegaming,false,true,false
post_1147,r/truegaming,true,true,false
post_1148,r/GlobalOffensive,false,true,true
post_1149,r/EldenRing,true,true,false
post_1150,r/leagueoflegends,false,true,true
post_1151,r/GlobalOffensive,false,true,false
post_1152,r/skyrim,false,true,false
post_1153,r/leagueoflegends,true,true,true
post_1154,r/indiegames,true,true,false
post_1155,r/Valorant,false,true,false
post_1156,r/GlobalOffensive,true,true,true
post_1157,r/indiegames,true,true,false
post_1158,r/NintendoSwitch,true,true,true
post_1159,r/indiegames,true,true,false
post_1160,r/PS5,true,true,false
post_1161,r/leagueoflegends,true,true,false
post_1162,r/FortniteBR,true,true,false
post_1163,r/Valorant,true,true,true
post_1164,r/patientgamers,false,true,true
post_1165,r/truegaming,false,true,false
post_1166,r/GlobalOffensive,true,true,false
post_1167,r/skyrim,true,true,false
post_1168,r/pcmasterrace,true,true,true
post_1169,r/indiegames,true,true,true
post_1170,r/leagueoflegends,false,true,false
post_1171,r/FortniteBR,false,true,true
post_1172,r/Minecraft,true,true,true
post_1173,r/leagueoflegends,true,true,false
post_1174,r/GlobalOffensive,false,true,false
post_1175,r/GlobalOffensive,true,true,true
post_1176,r/Valorant,false,true,true
post_1177,r/NintendoSwitch,true,true,false
post_1178,r/leagueoflegends,false,true,false
post_1179,r/Helldivers,false,true,true
post_1180,r/skyrim,false,true,true
post_1181,r/Valorant,false,true,true
post_1182,r/Minecraft,false,true,false
post_1183,r/PS5,true,true,false
post_1184,r/gaming,false,true,true
post_1185,r/PS5,true,true,true
post_1186,r/Helldivers,false,true,true
post_1187,r/gaming,false,true,true
post_1188,r/Valorant,false,true,true
post_1189,r/leagueoflegends,false,true,true
post_1190,r/EldenRing,false,true,true
post_1191,r/EldenRing,true,true,true
post_1192,r/EldenRing,true,true,false
post_1193,r/Minecraft,true,true,false
post_1194,r/indiegames,true,true,false
post_1195,r/Valorant,false,true,true
post_1196,r/patientgamers,true,true,false
post_1197,r/Valorant,true,true,true
post_1198,r/NintendoSwitch,false,true,true
post_1199,r/NintendoSwitch,true,true,false
post_1200,r/pcmasterrace,true,true,true
post_1201,r/patientgamers,true,true,false
post_1202,r/Helldivers,true,true,false
post_1203,r/pcmasterrace,true,true,false
post_1204,r/NintendoSwitch,true,true,true
post_1205,r/Minecraft,true,true,false
post_1206,r/FortniteBR,true,true,true
post_1207,r/NintendoSwitch,false,true,false
post_1208,r/pcmasterrace,false,true,true
post_1209,r/Helldivers,false,true,false
post_1210,r/FortniteBR,false,true,true
post_1211,r/NintendoSwitch,false,true,false
post_1212,r/patientgamers,true,true,true
post_1213,r/EldenRing,false,true,true
post_1214,r/Minecraft,false,true,true
post_1215,r/GlobalOffensive,true,true,true
post_1216,r/indiegames,true,true,true
post_1217,r/gaming,false,true,false
post_1218,r/NintendoSwitch,false,true,false
post_1219,r/patientgamers,false,true,true
post_1220,r/Valorant,false,true,false
post_1221,r/skyrim,true,true,false
post_1222,r/leagueoflegends,true,true,false
post_1223,r/patientgamers,true,true,false
post_1224,r/skyrim,true,true,false
post_1225,r/EldenRing,false,true,false
post_1226,r/pcmasterrace,false,true,true
post_1227,r/pcmasterrace,false,true,true
post_1228,r/gaming,false,true,false
post_1229,r/pcmasterrace,false,true,true
post_1230,r/pcmasterrace,true,true,true
post_1231,r/EldenRing,true,true,true
post_1232,r/truegaming,true,true,true
post_1233,r/FortniteBR,true,true,false
post_1234,r/indiegames,false,true,true
post_1235,r/GlobalOffensive,true,true,false
post_1236,r/patientgamers,false,true,true
post_1237,r/truegaming,false,true,false
post_1238,r/EldenRing,false,true,true
post_1239,r/NintendoSwitch,false,true,true
post_1240,r/Helldivers,true,true,false
post_1241,r/gaming,true,true,false
post_1242,r/skyrim,true,true,false
post_1243,r/leagueoflegends,true,true,true
post_1244,r/leagueoflegends,true,true,true
post_1245,r/FortniteBR,false,true,true
post_1246,r/truegaming,false,true,false
post_1247,r/leagueoflegends,true,true,false
post_1248,r/Helldivers,true,true,false
post_1249,r/EldenRing,true,true,false
post_1250,r/PS5,true,true,true
post_1251,r/indiegames,false,true,false
post_1252,r/Minecraft,false,true,true
post_1253,r/skyrim,false,true,true
post_1254,r/gaming,true,true,false
post_1255,r/FortniteBR,true,true,true
post_1256,r/PS5,true,true,true
post_1257,r/leagueoflegends,false,true,false
post_1258,r/pcmasterrace,false,true,false
post_1259,r/Helldivers,true,true,true
post_1260,r/skyrim,true,true,true
post_1261,r/patientgamers,true,true,true
post_1262,r/GlobalOffensive,true,true,true
post_1263,r/patientgamers,false,true,false
post_1264,r/indiegames,false,true,false
post_1265,r/pcmasterrace,true,true,false
post_1266,r/skyrim,true,true,true
post_1267,r/gaming,true,true,true
post_1268,r/Minecraft,true,true,false
post_1269,r/Minecraft,true,true,true
post_1270,r/patientgamers,false,true,false
post_1271,r/GlobalOffensive,true,true,false
post_1272,r/GlobalOffensive,true,true,false
post_1273,r/PS5,true,true,false
post_1274,r/gaming,true,true,false
post_1275,r/truegaming,false,true,false
post_1276,r/pcmasterrace,true,true,true
post_1277,r/leagueoflegends,true,true,true
post_1278,r/EldenRing,true,true,false
post_1279,r/Minecraft,true,true,false
post_1280,r/NintendoSwitch,true,true,true
post_1281,r/indiegames,false,true,false
post_1282,r/truegaming,false,true,false
post_1283,r/PS5,true,true,true
post_1284,r/Minecraft,true,true,true
post_1285,r/indiegames,false,true,true
post_1286,r/Minecraft,false,true,true
post_1287,r/Valorant,true,true,false
post_1288,r/patientgamers,false,true,false
post_1289,r/gaming,true,true,false
post_1290,r/pcmasterrace,false,true,true
post_1291,r/gaming,false,true,false
post_1292,r/Valorant,true,true,false
post_1293,r/leagueoflegends,false,true,true
post_1294,r/PS5,false,true,true
post_1295,r/Valorant,false,true,false
post_1296,r/PS5,true,true,true
post_1297,r/Valorant,false,true,false
post_1298,r/PS5,true,true,false
post_1299,r/Minecraft,true,true,false
post_1300,r/PS5,false,true,true
post_1301,r/GlobalOffensive,false,true,false
post_1302,r/Helldivers,false,true,true
post_1303,r/pcmasterrace,false,true,false
post_1304,r/PS5,true,true,true
post_1305,r/FortniteBR,false,true,true
post_1306,r/leagueoflegends,true,true,true
post_1307,r/Minecraft,true,true,false
post_1308,r/Minecraft,false,true,false
post_1309,r/Minecraft,false,true,true
post_1310,r/pcmasterrace,true,true,true
post_1311,r/pcmasterrace,false,true,false
post_1312,r/skyrim,false,true,true
post_1313,r/skyrim,true,true,false
post_1314,r/pcmasterrace,true,true,true
post_1315,r/patientgamers,false,true,false
post_1316,r/pcmasterrace,true,true,true
post_1317,r/Minecraft,false,true,false
post_1318,r/gaming,false,true,false
post_1319,r/Minecraft,true,true,true
post_1320,r/Minecraft,true,true,false
post_1321,r/pcmasterrace,false,true,true
post_1322,r/pcmasterrace,false,true,false
post_1323,r/EldenRing,false,true,true
post_1324,r/Valorant,true,true,true
post_1325,r/EldenRing,true,true,false
post_1326,r/indiegames,false,true,true
post_1327,r/FortniteBR,false,true,true
post_1328,r/PS5,false,true,false
post_1329,r/patientgamers,true,true,false
post_1330,r/gaming,true,true,false
post_1331,r/patientgamers,true,true,true
post_1332,r/pcmasterrace,false,true,true
post_1333,r/NintendoSwitch,true,true,true
post_1334,r/Minecraft,true,true,false
post_1335,r/Minecraft,true,true,true
post_1336,r/skyrim,true,true,false
post_1337,r/GlobalOffensive,false,true,true
post_1338,r/skyrim,true,true,true
post_1339,r/GlobalOffensive,false,true,false
post_1340,r/pcmasterrace,false,true,false
post_1341,r/PS5,true,true,true
post_1342,r/pcmasterrace,true,true,false
post_1343,r/Valorant,true,true,false
post_1344,r/leagueoflegends,true,true,false
post_1345,r/PS5,false,true,false
post_1346,r/truegaming,false,true,true
post_1347,r/indiegames,true,true,true
post_1348,r/indiegames,true,true,true
post_1349,r/Valorant,false,true,false
post_1350,r/Valorant,true,true,true
post_1351,r/leagueoflegends,false,true,false
post_1352,r/Valorant,false,true,true
post_1353,r/truegaming,false,true,true
post_1354,r/leagueoflegends,true,true,true
post_1355,r/FortniteBR,false,true,true
post_1356,r/GlobalOffensive,false,true,true
post_1357,r/patientgamers,false,true,true
post_1358,r/indiegames,false,true,false
post_1359,r/leagueoflegends,true,true,false
post_1360,r/PS5,false,true,false
post_1361,r/Helldivers,false,true,false
post_1362,r/truegaming,true,true,true
post_1363,r/leagueoflegends,false,true,true
post_1364,r/indiegames,false,true,false
post_1365,r/GlobalOffensive,false,true,false
post_1366,r/gaming,false,true,true
post_1367,r/PS5,false,true,true
post_1368,r/gaming,true,true,false
post_1369,r/truegaming,true,true,false
post_1370,r/patientgamers,true,true,true
post_1371,r/EldenRing,true,true,true
post_1372,r/PS5,false,true,true
post_1373,r/EldenRing,false,true,false
post_1374,r/patientgamers,true,true,true
post_1375,r/gaming,true,true,true
post_1376,r/EldenRing,true,true,false
post_1377,r/Helldivers,false,true,false
post_1378,r/truegaming,false,true,false
post_1379,r/FortniteBR,false,true,true
post_1380,r/gaming,false,true,true
post_1381,r/NintendoSwitch,true,true,true
post_1382,r/patientgamers,true,true,false
post_1383,r/truegaming,false,true,true
post_1384,r/patientgamers,false,true,false
post_1385,r/leagueoflegends,false,true,true
post_1386,r/Valorant,false,true,true
post_1387,r/leagueoflegends,true,true,true
post_1388,r/Helldivers,false,true,false
post_1389,r/pcmasterrace,false,true,false
post_1390,r/EldenRing,true,true,true
post_1391,r/pcmasterrace,true,true,true
post_1392,r/Minecraft,true,true,true
post_1393,r/pcmasterrace,true,true,false
post_1394,r/NintendoSwitch,true,true,false
post_1395,r/GlobalOffensive,false,true,true
post_1396,r/indiegames,false,true,false
post_1397,r/patientgamers,false,true,true
post_1398,r/GlobalOffensive,false,true,true
post_1399,r/GlobalOffensive,true,true,false
post_1400,r/Minecraft,true,true,true
post_1401,r/FortniteBR,false,true,false
post_1402,r/Valorant,false,true,true
post_1403,r/Valorant,true,true,true
post_1404,r/NintendoSwitch,true,true,true
post_1405,r/gaming,true,true,true
post_1406,r/Minecraft,false,true,false
post_1407,r/patientgamers,true,true,false
post_1408,r/Minecraft,false,true,false
post_1409,r/FortniteBR,false,true,true
post_1410,r/skyrim,true,true,true
post_1411,r/NintendoSwitch,false,true,false
post_1412,r/Minecraft,true,true,false
post_1413,r/indiegames,true,true,false
post_1414,r/skyrim,false,true,false
post_1415,r/FortniteBR,false,true,false
post_1416,r/NintendoSwitch,false,true,false
post_1417,r/Valorant,false,true,true
post_1418,r/truegaming,true,true,true
post_1419,r/NintendoSwitch,true,true,false
post_1420,r/gaming,true,true,true
post_1421,r/PS5,true,true,false
post_1422,r/PS5,false,true,true
post_1423,r/GlobalOffensive,false,true,false
post_1424,r/GlobalOffensive,true,true,false
post_1425,r/skyrim,false,true,true
post_1426,r/EldenRing,true,true,false
post_1427,r/skyrim,false,true,true
post_1428,r/NintendoSwitch,false,true,true
post_1429,r/PS5,false,true,true
post_1430,r/pcmasterrace,true,true,true
post_1431,r/truegaming,true,true,false
post_1432,r/PS5,false,true,false
post_1433,r/Valorant,true,true,false
post_1434,r/leagueoflegends,true,true,true
post_1435,r/Valorant,false,true,true
post_1436,r/Minecraft,true,true,true
post_1437,r/gaming,false,true,false
post_1438,r/FortniteBR,false,true,false
post_1439,r/pcmasterrace,false,true,false
post_1440,r/PS5,true,true,true
post_1441,r/skyrim,false,true,true
post_1442,r/leagueoflegends,true,true,true
post_1443,r/Minecraft,true,true,false
post_1444,r/gaming,true,true,true
post_1445,r/GlobalOffensive,true,true,false
post_1446,r/FortniteBR,false,true,true
post_1447,r/pcmasterrace,false,true,false
post_1448,r/Minecraft,true,true,false
post_1449,r/skyrim,false,true,false
post_1450,r/NintendoSwitch,true,true,false
post_1451,r/FortniteBR,false,true,false
post_1452,r/gaming,true,true,false
post_1453,r/PS5,false,true,true
post_1454,r/patientgamers,false,true,false
post_1455,r/Valorant,false,true,false
post_1456,r/Valorant,true,true,false
post_1457,r/gaming,false,true,false
post_1458,r/NintendoSwitch,true,true,true
post_1459,r/Minecraft,true,true,true
post_1460,r/FortniteBR,false,true,false
post_1461,r/gaming,false,true,false
post_1462,r/gaming,false,true,true
post_1463,r/EldenRing,false,true,true
post_1464,r/EldenRing,true,true,false
post_1465,r/Minecraft,true,true,true
post_1466,r/Valorant,false,true,false
post_1467,r/leagueoflegends,true,true,false
post_1468,r/pcmasterrace,false,true,true
post_1469,r/indiegames,false,true,true
post_1470,r/EldenRing,false,true,true
post_1471,r/NintendoSwitch,true,true,false
post_1472,r/pcmasterrace,false,true,true
post_1473,r/PS5,true,true,true
post_1474,r/patientgamers,true,true,false
post_1475,r/GlobalOffensive,true,true,false
post_1476,r/GlobalOffensive,false,true,false
post_1477,r/Valorant,true,true,true
post_1478,r/EldenRing,true,true,true
post_1479,r/Minecraft,true,true,true
post_1480,r/GlobalOffensive,false,true,true
post_1481,r/truegaming,true,true,false
post_1482,r/Valorant,false,true,false
post_1483,r/EldenRing,false,true,true
post_1484,r/leagueoflegends,true,true,false
post_1485,r/skyrim,true,true,false
post_1486,r/gaming,false,true,true
post_1487,r/patientgamers,true,true,true
post_1488,r/patientgamers,true,true,true
post_1489,r/truegaming,true,true,true
post_1490,r/indiegames,false,true,true
post_1491,r/EldenRing,false,true,false
post_1492,r/gaming,true,true,true
post_1493,r/NintendoSwitch,false,true,true
post_1494,r/leagueoflegends,true,true,true
post_1495,r/GlobalOffensive,true,true,false
post_1496,r/Helldivers,true,true,false
post_1497,r/Valorant,false,true,true
post_1498,r/FortniteBR,true,true,false
post_1499,r/PS5,true,true,true
post_1500,r/gaming,true,true,false
post_1501,r/leagueoflegends,false,true,true
post_1502,r/NintendoSwitch,false,true,false
post_1503,r/pcmasterrace,false,true,true
post_1504,r/Valorant,true,true,true
post_1505,r/leagueoflegends,false,true,false
post_1506,r/indiegames,true,true,true
post_1507,r/pcmasterrace,false,true,false
post_1508,r/PS5,false,true,true
post_1509,r/PS5,false,true,false
post_1510,r/leagueoflegends,true,true,true
post_1511,r/patientgamers,true,true,true
post_1512,r/FortniteBR,false,true,false
post_1513,r/FortniteBR,true,true,true
post_1514,r/skyrim,true,true,false
post_1515,r/GlobalOffensive,false,true,false
post_1516,r/truegaming,false,true,false
post_1517,r/PS5,false,true,true
post_1518,r/indiegames,false,true,true
post_1519,r/Minecraft,false,true,false
post_1520,r/EldenRing,false,true,false
post_1521,r/Helldivers,true,true,false
post_1522,r/Valorant,true,true,false
post_1523,r/FortniteBR,true,true,false
post_1524,r/truegaming,false,true,true
post_1525,r/Minecraft,true,true,true
post_1526,r/truegaming,true,true,false
post_1527,r/Valorant,false,true,true
post_1528,r/FortniteBR,true,true,false
post_1529,r/Minecraft,true,true,true
post_1530,r/EldenRing,false,true,false
post_1531,r/patientgamers,false,true,true
post_1532,r/Valorant,true,true,false
post_1533,r/Minecraft,true,true,true
post_1534,r/Helldivers,true,true,false
post_1535,r/leagueoflegends,false,true,true
post_1536,r/FortniteBR,false,true,false
post_1537,r/EldenRing,true,true,false
post_1538,r/NintendoSwitch,true,true,false
post_1539,r/Minecraft,false,true,false
post_1540,r/gaming,false,true,false
post_1541,r/NintendoSwitch,false,true,true
post_1542,r/gaming,true,true,false
post_1543,r/Valorant,false,true,false
post_1544,r/GlobalOffensive,true,true,true
post_1545,r/skyrim,false,true,true
post_1546,r/NintendoSwitch,true,true,true
post_1547,r/GlobalOffensive,true,true,true
post_1548,r/pcmasterrace,false,true,false
post_1549,r/truegaming,true,true,true
post_1550,r/patientgamers,true,true,true
post_1551,r/PS5,true,true,false
post_1552,r/indiegames,false,true,true
post_1553,r/Minecraft,true,true,true
post_1554,r/leagueoflegends,false,true,true
post_1555,r/Valorant,false,true,true
post_1556,r/Valorant,true,true,false
post_1557,r/pcmasterrace,true,true,true
post_1558,r/pcmasterrace,false,true,true
post_1559,r/GlobalOffensive,false,true,false
post_1560,r/Valorant,false,true,false
post_1561,r/NintendoSwitch,true,true,false
post_1562,r/skyrim,true,true,true
post_1563,r/gaming,true,true,false
post_1564,r/indiegames,false,true,false
post_1565,r/EldenRing,true,true,false
post_1566,r/pcmasterrace,false,true,false
post_1567,r/leagueoflegends,true,true,false
post_1568,r/FortniteBR,true,true,false
post_1569,r/Valorant,true,true,true
post_1570,r/leagueoflegends,true,true,true
post_1571,r/PS5,true,true,false
post_1572,r/EldenRing,true,true,true
post_1573,r/gaming,false,true,true
post_1574,r/gaming,true,true,false
post_1575,r/leagueoflegends,false,true,false
post_1576,r/NintendoSwitch,false,true,true
post_1577,r/PS5,false,true,true
post_1578,r/skyrim,true,true,true
post_1579,r/Valorant,true,true,true
post_1580,r/EldenRing,false,true,false
post_1581,r/leagueoflegends,true,true,false
post_1582,r/indiegames,true,true,true
post_1583,r/truegaming,true,true,false
post_1584,r/FortniteBR,false,true,false
post_1585,r/pcmasterrace,false,true,false
post_1586,r/FortniteBR,true,true,false
post_1587,r/skyrim,false,true,false
post_1588,r/Helldivers,true,true,true
post_1589,r/gaming,false,true,true
post_1590,r/EldenRing,true,true,true
post_1591,r/pcmasterrace,true,true,false
post_1592,r/truegaming,false,true,true
post_1593,r/EldenRing,false,true,false
post_1594,r/leagueoflegends,true,true,false
post_1595,r/pcmasterrace,true,true,false
post_1596,r/truegaming,true,true,true
post_1597,r/FortniteBR,false,true,true
post_1598,r/PS5,true,true,false
post_1599,r/pcmasterrace,false,true,false
post_1600,r/truegaming,true,true,true
post_1601,r/patientgamers,false,true,true
post_1602,r/PS5,true,true,true
post_1603,r/PS5,false,true,false
post_1604,r/patientgamers,true,true,false
post_1605,r/Helldivers,true,true,true
post_1606,r/skyrim,false,true,false
post_1607,r/leagueoflegends,true,true,false
post_1608,r/pcmasterrace,false,true,true
post_1609,r/indiegames,false,true,false
post_1610,r/pcmasterrace,true,true,true
post_1611,r/EldenRing,true,true,true
post_1612,r/gaming,false,true,true
post_1613,r/NintendoSwitch,false,true,true
post_1614,r/truegaming,false,true,true
post_1615,r/NintendoSwitch,true,true,false
post_1616,r/leagueoflegends,false,true,false
post_1617,r/Helldivers,true,true,true
post_1618,r/GlobalOffensive,false,true,false
post_1619,r/gaming,false,true,false
post_1620,r/skyrim,false,true,true
post_1621,r/skyrim,false,true,false
post_1622,r/NintendoSwitch,false,true,true
post_1623,r/patientgamers,true,true,true
post_1624,r/PS5,true,true,true
post_1625,r/EldenRing,true,true,true
post_1626,r/Valorant,true,true,true
post_1627,r/leagueoflegends,false,true,false
post_1628,r/leagueoflegends,false,true,false
post_1629,r/skyrim,true,true,false
post_1630,r/Minecraft,false,true,true
post_1631,r/gaming,false,true,false
post_1632,r/PS5,true,true,true
post_1633,r/PS5,false,true,true
post_1634,r/pcmasterrace,false,true,false
post_1635,r/GlobalOffensive,true,true,false
post_1636,r/EldenRing,true,true,true
post_1637,r/Minecraft,true,true,false
post_1638,r/FortniteBR,true,true,false
post_1639,r/FortniteBR,false,true,false
post_1640,r/truegaming,true,true,true
post_1641,r/PS5,false,true,true
post_1642,r/Valorant,true,true,true
post_1643,r/Helldivers,true,true,false
post_1644,r/Helldivers,true,true,false
post_1645,r/patientgamers,false,true,false
post_1646,r/indiegames,false,true,false
post_1647,r/PS5,true,true,false
post_1648,r/skyrim,false,true,false
post_1649,r/PS5,false,true,false
post_1650,r/PS5,false,true,false
post_1651,r/GlobalOffensive,true,true,false
post_1652,r/truegaming,true,true,false
post_1653,r/pcmasterrace,false,true,true
post_1654,r/PS5,false,true,true
post_1655,r/GlobalOffensive,true,true,true
post_1656,r/skyrim,true,true,false
post_1657,r/skyrim,false,true,false
post_1658,r/pcmasterrace,true,true,false
post_1659,r/EldenRing,true,true,false
post_1660,r/leagueoflegends,false,true,false
post_1661,r/indiegames,false,true,true
post_1662,r/GlobalOffensive,true,true,false
post_1663,r/gaming,false,true,true
post_1664,r/FortniteBR,true,true,true
post_1665,r/Minecraft,true,true,true
post_1666,r/skyrim,true,true,true
post_1667,r/GlobalOffensive,false,true,true
post_1668,r/GlobalOffensive,false,true,false
post_1669,r/patientgamers,true,true,false
post_1670,r/gaming,true,true,true
post_1671,r/truegaming,true,true,false
post_1672,r/patientgamers,false,true,false
post_1673,r/patientgamers,true,true,false
post_1674,r/Valorant,true,true,true
post_1675,r/gaming,false,true,true
post_1676,r/leagueoflegends,true,true,false
post_1677,r/patientgamers,false,true,false
post_1678,r/truegaming,false,true,false
post_1679,r/leagueoflegends,true,true,false
post_1680,r/patientgamers,false,true,true
post_1681,r/pcmasterrace,true,true,true
post_1682,r/GlobalOffensive,false,true,false
post_1683,r/patientgamers,false,true,true
post_1684,r/Valorant,false,true,false
post_1685,r/Valorant,false,true,true
post_1686,r/indiegames,false,true,true
post_1687,r/PS5,false,true,true
post_1688,r/EldenRing,false,true,false
post_1689,r/FortniteBR,true,true,false
post_1690,r/Valorant,true,true,true
post_1691,r/gaming,true,true,false
post_1692,r/Valorant,true,true,true
post_1693,r/leagueoflegends,false,true,true
post_1694,r/skyrim,false,true,false
post_1695,r/EldenRing,true,true,true
post_1696,r/NintendoSwitch,false,true,true
post_1697,r/Valorant,true,true,false
post_1698,r/Minecraft,false,true,true
post_1699,r/Valorant,false,true,false
post_1700,r/pcmasterrace,true,true,false
post_1701,r/pcmasterrace,false,true,true
post_1702,r/skyrim,true,true,false
post_1703,r/EldenRing,false,true,true
post_1704,r/indiegames,false,true,false
post_1705,r/GlobalOffensive,false,true,false
post_1706,r/Minecraft,false,true,true
post_1707,r/indiegames,true,true,false
post_1708,r/FortniteBR,true,true,true
post_1709,r/Valorant,true,true,false
post_1710,r/Valorant,false,true,false
post_1711,r/pcmasterrace,true,true,false
post_1712,r/Valorant,false,true,false
post_1713,r/truegaming,false,true,false
post_1714,r/Minecraft,true,true,true
post_1715,r/NintendoSwitch,true,true,false
post_1716,r/pcmasterrace,false,true,true
post_1717,r/skyrim,true,true,true
post_1718,r/gaming,false,true,false
post_1719,r/patientgamers,true,true,true
post_1720,r/Helldivers,false,true,true
post_1721,r/PS5,false,true,false
post_1722,r/FortniteBR,true,true,true
post_1723,r/NintendoSwitch,false,true,false
post_1724,r/FortniteBR,true,true,true
post_1725,r/FortniteBR,true,true,false
post_1726,r/EldenRing,true,true,false
post_1727,r/Minecraft,true,true,false
post_1728,r/PS5,false,true,true
post_1729,r/Valorant,true,true,true
post_1730,r/GlobalOffensive,true,true,false
post_1731,r/Minecraft,false,true,false
post_1732,r/pcmasterrace,true,true,false
post_1733,r/pcmasterrace,false,true,true
post_1734,r/gaming,true,true,false
post_1735,r/pcmasterrace,false,true,true
post_1736,r/gaming,true,true,true
post_1737,r/FortniteBR,false,true,false
post_1738,r/Helldivers,true,true,true
post_1739,r/Minecraft,true,true,false
post_1740,r/indiegames,true,true,true
post_1741,r/indiegames,true,true,true
post_1742,r/truegaming,true,true,true
post_1743,r/FortniteBR,true,true,false
post_1744,r/PS5,true,true,false
post_1745,r/pcmasterrace,true,true,true
post_1746,r/PS5,false,true,true
post_1747,r/FortniteBR,true,true,true
post_1748,r/GlobalOffensive,true,true,false
post_1749,r/NintendoSwitch,false,true,true
post_1750,r/FortniteBR,false,true,true
post_1751,r/NintendoSwitch,true,true,true
post_1752,r/truegaming,true,true,true
post_1753,r/gaming,true,true,false
post_1754,r/NintendoSwitch,false,true,false
post_1755,r/truegaming,true,true,true
post_1756,r/NintendoSwitch,false,true,true
post_1757,r/skyrim,false,true,false
post_1758,r/GlobalOffensive,true,true,false
post_1759,r/Helldivers,true,true,true
post_1760,r/PS5,true,true,false
post_1761,r/NintendoSwitch,false,true,true
post_1762,r/gaming,false,true,false
post_1763,r/gaming,true,true,true
post_1764,r/NintendoSwitch,false,true,true
post_1765,r/FortniteBR,true,true,false
post_1766,r/indiegames,true,true,true
post_1767,r/leagueoflegends,true,true,false
post_1768,r/GlobalOffensive,false,true,false
post_1769,r/Valorant,false,true,true
post_1770,r/Minecraft,true,true,false
post_1771,r/GlobalOffensive,false,true,true
post_1772,r/patientgamers,false,true,true
post_1773,r/skyrim,false,true,false
post_1774,r/NintendoSwitch,true,true,true
post_1775,r/indiegames,true,true,true
post_1776,r/Helldivers,true,true,false
post_1777,r/gaming,false,true,true
post_1778,r/Helldivers,false,true,false
post_1779,r/truegaming,false,true,true
post_1780,r/Minecraft,false,true,false
post_1781,r/PS5,false,true,false
post_1782,r/leagueoflegends,false,true,false
post_1783,r/NintendoSwitch,false,true,true
post_1784,r/gaming,true,true,true
post_1785,r/skyrim,false,true,true
post_1786,r/leagueoflegends,true,true,false
post_1787,r/NintendoSwitch,true,true,false
post_1788,r/Valorant,true,true,true
post_1789,r/patientgamers,false,true,true
post_1790,r/pcmasterrace,true,true,true
post_1791,r/Valorant,true,true,false
post_1792,r/gaming,false,true,false
post_1793,r/FortniteBR,false,true,true
post_1794,r/NintendoSwitch,false,true,false
post_1795,r/gaming,false,true,false
post_1796,r/GlobalOffensive,false,true,false
post_1797,r/pcmasterrace,true,true,false
post_1798,r/Helldivers,true,true,false
post_1799,r/GlobalOffensive,false,true,false
post_1800,r/FortniteBR,false,true,true
post_1801,r/skyrim,false,true,true
post_1802,r/NintendoSwitch,true,true,false
post_1803,r/Valorant,true,true,false
post_1804,r/gaming,false,true,true
post_1805,r/NintendoSwitch,false,true,true
post_1806,r/gaming,false,true,true
post_1807,r/EldenRing,true,true,false
post_1808,r/truegaming,true,true,false
post_1809,r/skyrim,true,true,false
post_1810,r/GlobalOffensive,false,true,false
post_1811,r/FortniteBR,true,true,true
post_1812,r/Helldivers,true,true,false
post_1813,r/leagueoflegends,false,true,false
post_1814,r/pcmasterrace,false,true,false
post_1815,r/pcmasterrace,true,true,true
post_1816,r/EldenRing,true,true,true
post_1817,r/NintendoSwitch,true,true,true
post_1818,r/indiegames,false,true,true
post_1819,r/PS5,false,true,false
post_1820,r/truegaming,false,true,true
post_1821,r/indiegames,true,true,true
post_1822,r/skyrim,false,true,false
post_1823,r/Helldivers,true,true,true
post_1824,r/NintendoSwitch,false,true,false
post_1825,r/skyrim,false,true,false
post_1826,r/skyrim,false,true,false
post_1827,r/PS5,false,true,false
post_1828,r/EldenRing,true,true,false
post_1829,r/leagueoflegends,false,true,false
post_1830,r/Minecraft,true,true,true
post_1831,r/indiegames,true,true,true
post_1832,r/truegaming,true,true,false
post_1833,r/indiegames,true,true,true
post_1834,r/PS5,false,true,false
post_1835,r/skyrim,false,true,false
post_1836,r/skyrim,true,true,true
post_1837,r/PS5,true,true,false
post_1838,r/gaming,false,true,false
post_1839,r/skyrim,false,true,false
post_1840,r/patientgamers,true,true,false
post_1841,r/EldenRing,false,true,true
post_1842,r/Minecraft,true,true,false
post_1843,r/gaming,false,true,false
post_1844,r/pcmasterrace,false,true,false
post_1845,r/EldenRing,false,true,true
post_1846,r/skyrim,false,true,false
post_1847,r/indiegames,false,true,false
post_1848,r/gaming,false,true,true
post_1849,r/EldenRing,true,true,false
post_1850,r/gaming,true,true,true
post_1851,r/Helldivers,false,true,true
post_1852,r/Valorant,false,true,true
post_1853,r/Valorant,false,true,false
post_1854,r/Valorant,true,true,true
post_1855,r/Helldivers,false,true,true
post_1856,r/pcmasterrace,true,true,false
post_1857,r/FortniteBR,true,true,false
post_1858,r/GlobalOffensive,true,true,true
post_1859,r/EldenRing,true,true,true
post_1860,r/Minecraft,true,true,true
post_1861,r/skyrim,true,true,false
post_1862,r/patientgamers,false,true,false
post_1863,r/Valorant,false,true,true
post_1864,r/pcmasterrace,true,true,false
post_1865,r/NintendoSwitch,false,true,true
post_1866,r/gaming,true,true,false
post_1867,r/PS5,false,true,false
post_1868,r/pcmasterrace,true,true,true
post_1869,r/gaming,true,true,false
post_1870,r/PS5,false,true,false
post_1871,r/leagueoflegends,false,true,true
post_1872,r/pcmasterrace,false,true,false
post_1873,r/pcmasterrace,true,true,true
post_1874,r/Minecraft,true,true,false
post_1875,r/NintendoSwitch,false,true,true
post_1876,r/pcmasterrace,true,true,true
post_1877,r/FortniteBR,false,true,true
post_1878,r/Helldivers,false,true,true
post_1879,r/patientgamers,false,true,true
post_1880,r/PS5,true,true,true
post_1881,r/skyrim,false,true,false
post_1882,r/NintendoSwitch,false,true,false
post_1883,r/truegaming,false,true,true
post_1884,r/PS5,true,true,true
post_1885,r/gaming,false,true,false
post_1886,r/EldenRing,false,true,true
post_1887,r/NintendoSwitch,true,true,true
post_1888,r/PS5,false,true,true
post_1889,r/skyrim,true,true,true
post_1890,r/GlobalOffensive,false,true,false
post_1891,r/truegaming,false,true,true
post_1892,r/EldenRing,true,true,true
post_1893,r/FortniteBR,false,true,false
post_1894,r/NintendoSwitch,false,true,true
post_1895,r/pcmasterrace,false,true,false
post_1896,r/FortniteBR,false,true,true
post_1897,r/EldenRing,true,true,true
post_1898,r/gaming,true,true,false
post_1899,r/patientgamers,true,true,true
post_1900,r/skyrim,true,true,false
post_1901,r/NintendoSwitch,false,true,false
post_1902,r/EldenRing,true,true,false
post_1903,r/PS5,false,true,true
post_1904,r/leagueoflegends,false,true,true
post_1905,r/NintendoSwitch,true,true,true
post_1906,r/leagueoflegends,true,true,false
post_1907,r/GlobalOffensive,false,true,false
post_1908,r/FortniteBR,true,true,false
post_1909,r/PS5,false,true,false
post_1910,r/NintendoSwitch,true,true,false
post_1911,r/NintendoSwitch,true,true,false
post_1912,r/gaming,false,true,true
post_1913,r/pcmasterrace,false,true,false
post_1914,r/PS5,true,true,false
post_1915,r/PS5,true,true,false
post_1916,r/FortniteBR,false,true,true
post_1917,r/indiegames,true,true,true
post_1918,r/Minecraft,true,true,true
post_1919,r/patientgamers,true,true,false
post_1920,r/truegaming,false,true,false
post_1921,r/Valorant,true,true,true
post_1922,r/skyrim,false,true,false
post_1923,r/GlobalOffensive,false,true,false
post_1924,r/GlobalOffensive,false,true,true
post_1925,r/skyrim,true,true,false
post_1926,r/Helldivers,true,true,true
post_1927,r/PS5,true,true,false
post_1928,r/Minecraft,true,true,false
post_1929,r/FortniteBR,false,true,false
post_1930,r/Minecraft,true,true,true
post_1931,r/GlobalOffensive,true,true,false
post_1932,r/pcmasterrace,true,true,false
post_1933,r/leagueoflegends,true,true,true
post_1934,r/indiegames,false,true,true
post_1935,r/Helldivers,false,true,false
post_1936,r/PS5,true,true,false
post_1937,r/indiegames,true,true,true
post_1938,r/GlobalOffensive,false,true,true
post_1939,r/EldenRing,false,true,false
post_1940,r/leagueoflegends,true,true,true
post_1941,r/Valorant,true,true,true
post_1942,r/NintendoSwitch,false,true,true
post_1943,r/GlobalOffensive,false,true,false
post_1944,r/FortniteBR,false,true,true
post_1945,r/PS5,false,true,true
post_1946,r/pcmasterrace,true,true,true
post_1947,r/leagueoflegends,true,true,true
post_1948,r/skyrim,true,true,false
post_1949,r/pcmasterrace,true,true,false
post_1950,r/Valorant,true,true,false
post_1951,r/indiegames,true,true,true
post_1952,r/truegaming,false,true,false
post_1953,r/pcmasterrace,false,true,true
post_1954,r/GlobalOffensive,false,true,false
post_1955,r/PS5,false,true,false
post_1956,r/patientgamers,true,true,false
post_1957,r/PS5,true,true,true
post_1958,r/skyrim,false,true,true
post_1959,r/NintendoSwitch,false,true,true
post_1960,r/indiegames,true,true,true
post_1961,r/pcmasterrace,false,true,false
post_1962,r/Valorant,false,true,false
post_1963,r/EldenRing,true,true,false
post_1964,r/NintendoSwitch,true,true,true
post_1965,r/NintendoSwitch,true,true,false
post_1966,r/EldenRing,false,true,true
post_1967,r/FortniteBR,false,true,false
post_1968,r/EldenRing,false,true,true
post_1969,r/EldenRing,true,true,true
post_1970,r/GlobalOffensive,true,true,false
post_1971,r/FortniteBR,false,true,false
post_1972,r/GlobalOffensive,true,true,true
post_1973,r/gaming,true,true,false
post_1974,r/Valorant,false,true,false
post_1975,r/patientgamers,true,true,true
post_1976,r/NintendoSwitch,true,true,true
post_1977,r/Minecraft,true,true,false
post_1978,r/indiegames,false,true,false
post_1979,r/PS5,true,true,false
post_1980,r/truegaming,true,true,true
post_1981,r/leagueoflegends,false,true,true
post_1982,r/Valorant,true,true,false
post_1983,r/GlobalOffensive,false,true,true
post_1984,r/Minecraft,true,true,false
post_1985,r/EldenRing,false,true,false
post_1986,r/Valorant,false,true,false
post_1987,r/Minecraft,true,true,false
post_1988,r/EldenRing,true,true,true
post_1989,r/indiegames,false,true,false
post_1990,r/PS5,true,true,true
post_1991,r/patientgamers,true,true,false
post_1992,r/Valorant,true,true,false
post_1993,r/skyrim,true,true,false
post_1994,r/indiegames,true,true,false
post_1995,r/patientgamers,false,true,false
post_1996,r/pcmasterrace,false,true,false
post_1997,r/patientgamers,false,true,true
post_1998,r/Helldivers,true,true,true
post_1999,r/Minecraft,false,true,true
