username,genre_name,likedAt,intensityLevel,isPublic
barrettkeith,Battle Royale,2026-03-10,9,false
burnsamanda,Sandbox,2026-01-09,4,false
craig12,Platformer,2026-04-23,5,true
ihouston,Platformer,2026-03-14,2,false
fstephens,Platformer,2026-01-01,2,true
pamela42,First-Person Shooter,2026-01-08,3,false
angela18,Sandbox,2026-01-18,8,true
amy31,Platformer,2026-01-28,1,true
colliermelanie,Simulation,2026-01-09,10,true
rgoodwin,Platformer,2026-01-16,9,false
keithrush,Action RPG,2026-03-27,9,false
morrisdanielle,Simulation,2026-01-11,9,true
wpatton,Platformer,2026-03-20,3,true
dkeller,Strategy,2026-04-04,3,false
lmartinez,Metroidvania,2026-04-27,4,false
stephenfields,Metroidvania,2026-04-22,8,false
bethconway,Sandbox,2026-01-09,6,false
jenniferfox,MOBA,2026-02-25,9,false
freemantimothy,Metroidvania,2026-04-15,3,true
taylorzachary,First-Person Shooter,2026-02-22,3,false
jnichols,Action RPG,2026-03-28,6,false
laura22,Battle Royale,2026-01-18,2,false
richardmoore,Horror,2026-02-14,2,false
rjones,Strategy,2026-03-28,5,true
srose,Simulation,2026-01-25,7,true
samantha96,First-Person Shooter,2026-01-21,1,false
veronica19,Platformer,2026-04-16,10,false
brownjohn,Action RPG,2026-01-13,1,true
brittany51,Simulation,2026-02-02,4,false
daniel61,Sandbox,2026-04-20,7,false
joshua17,MOBA,2026-02-07,4,false
matthew63,First-Person Shooter,2026-04-09,4,true
joshuadavis,Metroidvania,2026-04-28,8,false
qstephens,MOBA,2026-02-24,1,false
patrick19,MOBA,2026-03-25,1,true
elogan,Simulation,2026-02-11,1,false
vanessa87,Metroidvania,2026-03-30,1,false
jonestanya,Metroidvania,2026-03-04,7,true
cartertammy,Horror,2026-01-03,7,false
thomasronald,MOBA,2026-04-07,6,true
laceyday,Battle Royale,2026-01-20,7,false
janice76,Sandbox,2026-03-05,5,true
jessicaweaver,Platformer,2026-02-22,4,false
gabrielruiz,Sandbox,2026-02-10,9,false
ewingjohn,First-Person Shooter,2026-03-16,10,true
colemanaaron,First-Person Shooter,2026-01-19,7,true
alexanderjimenez,Horror,2026-02-14,4,false
thart,MOBA,2026-04-16,10,false
cummingsjonathon,Strategy,2026-02-24,3,false
stevensdanielle,Strategy,2026-01-24,2,true
bradshawann,Battle Royale,2026-01-06,9,true
fray,Battle Royale,2026-04-10,10,false
vyoung,Battle Royale,2026-01-30,9,false
zachary69,Battle Royale,2026-01-16,7,false
xshort,Simulation,2026-03-16,5,false
haleyangela,Platformer,2026-03-03,3,false
donna32,Simulation,2026-04-27,2,true
hmoss,Strategy,2026-01-27,5,false
sanchezjonathan,Sandbox,2026-04-13,9,true
tabitha00,Sandbox,2026-03-12,1,true
qhall,Strategy,2026-03-26,8,false
robinadams,Platformer,2026-04-06,8,true
jennifershelton,Sandbox,2026-02-04,8,false
mendeztina,Battle Royale,2026-01-03,4,true
meghanherrera,MOBA,2026-03-29,1,false
nguyenedwin,Platformer,2026-03-26,8,false
kara88,Horror,2026-04-09,9,false
mhernandez,Battle Royale,2026-04-27,6,true
romerojohnathan,First-Person Shooter,2026-03-17,10,true
walkerjennifer,Sandbox,2026-03-02,6,true
jeffreygamble,Simulation,2026-04-11,5,true
cookekathleen,Platformer,2026-01-30,9,false
johngriffin,Battle Royale,2026-01-29,10,true
jtanner,Horror,2026-02-02,3,true
wsingleton,Strategy,2026-01-24,8,true
awagner,Horror,2026-01-06,3,true
jeffreyberger,First-Person Shooter,2026-02-25,7,true
cruzjoseph,Strategy,2026-01-18,8,false
blanchardzachary,Strategy,2026-03-18,5,false
jasonshields,Platformer,2026-04-15,5,false
aking,Metroidvania,2026-02-17,6,true
williamlee,Battle Royale,2026-03-03,6,false
jody18,Horror,2026-04-08,10,true
carterrobert,Platformer,2026-03-02,2,true
angelacrosby,Action RPG,2026-04-19,5,false
jmelton,Sandbox,2026-04-02,5,true
ashort,MOBA,2026-01-25,1,false
qnicholson,Horror,2026-03-30,10,false
megansmith,Battle Royale,2026-03-19,5,true
saundersjohn,Action RPG,2026-03-08,7,true
kimberly89,Platformer,2026-01-15,1,true
wbrown,MOBA,2026-02-15,8,false
lindsay37,Strategy,2026-02-06,7,true
bgordon,Metroidvania,2026-04-22,6,true
dominique22,Horror,2026-03-25,10,true
michelle48,Platformer,2026-04-04,9,true
kimberlygross,Horror,2026-01-26,1,false
ksmith,Battle Royale,2026-03-24,3,true
emilyvega,Metroidvania,2026-04-23,2,false
jesse14,Sandbox,2026-02-27,1,false
hayesbrandon,Strategy,2026-02-09,9,true
kylethomas,Strategy,2026-04-08,7,true
snorris,Sandbox,2026-04-06,1,false
kylethomas,Simulation,2026-04-01,3,true
ztran,Action RPG,2026-01-26,9,false
veronica25,Sandbox,2026-01-16,8,false
laceyday,Battle Royale,2026-03-14,1,false
ovalentine,Action RPG,2026-02-15,7,true
cantrellnicole,Strategy,2026-02-15,3,false
johnsontheodore,Strategy,2026-04-03,2,true
sharonlittle,Sandbox,2026-03-17,5,true
marysims,First-Person Shooter,2026-01-13,3,true
zimmermanchristopher,Sandbox,2026-03-04,6,true
imurphy,MOBA,2026-02-26,8,false
adavis,Platformer,2026-04-26,2,true
vromero,MOBA,2026-04-23,6,true
theresawood,MOBA,2026-03-13,8,true
elogan,Sandbox,2026-03-07,10,true
omarsanchez,Horror,2026-01-03,10,true
zdavidson,MOBA,2026-01-01,8,true
arielphillips,Platformer,2026-01-13,2,false
afrost,Battle Royale,2026-02-23,2,false
edwin35,MOBA,2026-01-22,9,false
don68,Horror,2026-04-27,6,true
ydelgado,Strategy,2026-02-12,9,true
sandy14,Simulation,2026-04-02,5,true
angela41,Metroidvania,2026-03-28,6,false
lauren31,Horror,2026-02-03,10,false
richardbarbara,First-Person Shooter,2026-03-01,8,false
roachwilliam,Sandbox,2026-04-12,2,false
amber86,Sandbox,2026-04-04,6,true
john82,Horror,2026-01-17,10,true
longkyle,First-Person Shooter,2026-02-16,10,false
rachel79,Battle Royale,2026-03-15,2,true
dana04,Platformer,2026-02-15,9,false
wchan,Battle Royale,2026-02-16,4,true
vanessa99,Action RPG,2026-02-22,7,false
maria88,Metroidvania,2026-02-19,1,false
evanschristopher,First-Person Shooter,2026-02-07,6,true
mary52,Horror,2026-01-18,10,false
nroberts,Metroidvania,2026-01-04,2,true
tabitha38,Sandbox,2026-01-02,2,false
victor36,Platformer,2026-01-12,8,false
johnathanpalmer,MOBA,2026-03-18,7,false
douglaslewis,Strategy,2026-01-26,5,false
stephanie69,Action RPG,2026-04-01,8,true
jenniferwoodard,Action RPG,2026-03-01,9,false
tara56,Simulation,2026-04-03,1,false
michelle85,Metroidvania,2026-04-10,1,true
jaime76,First-Person Shooter,2026-02-22,2,true
williamfrey,Battle Royale,2026-04-25,10,false
lopezpeggy,Platformer,2026-03-30,10,false
lmurphy,Strategy,2026-04-28,10,true
adamhowe,First-Person Shooter,2026-03-23,9,true
ramirezsean,Metroidvania,2026-04-15,8,false
perrycharles,Sandbox,2026-02-10,5,true
laurenjones,Battle Royale,2026-03-02,8,true
wbeck,MOBA,2026-04-07,4,false
mooredavid,Horror,2026-03-07,1,true
imccann,Platformer,2026-04-02,10,false
davisjames,Simulation,2026-01-07,8,true
larry13,Strategy,2026-02-25,8,true
qbryan,First-Person Shooter,2026-04-25,10,false
fjames,Metroidvania,2026-02-03,1,false
dana03,First-Person Shooter,2026-03-24,9,false
rvasquez,Simulation,2026-03-11,10,true
conleyellen,Battle Royale,2026-02-17,4,false
jsmith,Action RPG,2026-02-15,10,false
suttonamber,Strategy,2026-03-13,7,false
pbradford,Horror,2026-04-19,3,true
samueladams,Action RPG,2026-02-14,1,true
sueramirez,Battle Royale,2026-03-31,2,true
gonzalezcarmen,Metroidvania,2026-01-25,5,false
ocarpenter,Metroidvania,2026-04-27,5,false
hperry,Battle Royale,2026-03-31,3,true
knightmartin,MOBA,2026-04-01,2,true
scottgardner,Platformer,2026-01-04,2,true
norman94,Action RPG,2026-02-14,9,true
anthony86,Simulation,2026-02-17,8,false
tmoreno,Horror,2026-04-14,1,false
ashley54,Simulation,2026-02-04,7,false
yhendrix,First-Person Shooter,2026-04-11,6,true
christopherdavis,Sandbox,2026-02-24,8,true
anthony50,First-Person Shooter,2026-03-28,5,true
pwood,Strategy,2026-02-12,5,false
heather79,Platformer,2026-03-06,4,true
christopher09,Action RPG,2026-03-22,9,false
kelseybaker,Strategy,2026-01-11,2,false
dannyrowland,Sandbox,2026-04-17,7,true
brittany51,Strategy,2026-02-20,7,false
jordandouglas,Horror,2026-01-26,3,true
garymartin,Platformer,2026-03-19,10,false
john34,First-Person Shooter,2026-02-14,3,true
micheleunderwood,First-Person Shooter,2026-03-19,7,true
briansnyder,Metroidvania,2026-03-20,4,true
ksmith,Action RPG,2026-03-27,1,true
andersonjuan,Strategy,2026-01-11,1,true
russellrachel,Action RPG,2026-01-09,3,true
julia87,Battle Royale,2026-02-03,7,true
bevans,Battle Royale,2026-02-15,6,false
danielrocha,Horror,2026-03-19,2,false
daniel45,Sandbox,2026-02-03,7,false
taylordiaz,Platformer,2026-03-19,6,true
cruzandrea,Metroidvania,2026-01-11,9,true
robertssylvia,First-Person Shooter,2026-02-26,10,false
jeremy30,Platformer,2026-02-24,3,false
jonathanschwartz,Action RPG,2026-03-12,2,false
meyerkyle,First-Person Shooter,2026-04-12,6,true
kevin70,Platformer,2026-03-05,9,true
ymcdonald,MOBA,2026-02-11,1,true
joseph81,Platformer,2026-01-16,10,true
smartin,Battle Royale,2026-04-20,2,false
reevesjennifer,Platformer,2026-04-20,3,true
gjensen,MOBA,2026-03-28,9,true
thomasmeza,Metroidvania,2026-04-16,4,true
marcosutton,First-Person Shooter,2026-04-28,6,true
jessicajones,MOBA,2026-04-13,6,true
rwoods,Action RPG,2026-01-15,4,false
andrewsmith,Battle Royale,2026-04-01,10,true
saundersjohn,Horror,2026-03-24,5,true
salazarjoshua,Action RPG,2026-02-02,6,true
ogriffith,Sandbox,2026-03-24,3,false
markalexander,Metroidvania,2026-01-21,2,false
brendalevine,Platformer,2026-03-07,8,false
shamilton,MOBA,2026-03-16,10,false
amiller,Sandbox,2026-04-24,6,true
sandra50,First-Person Shooter,2026-03-02,6,true
cartertammy,Battle Royale,2026-04-25,3,false
andrew11,Strategy,2026-01-04,4,false
susanwiggins,Horror,2026-02-19,4,true
heatherirwin,Battle Royale,2026-02-22,5,false
eray,Sandbox,2026-01-25,3,true
garymarsh,Battle Royale,2026-03-19,9,true
fergusonmatthew,Sandbox,2026-03-11,6,false
tapiamichael,Simulation,2026-03-09,9,false
johnsonchris,Simulation,2026-02-18,2,true
markkeith,Platformer,2026-04-01,8,false
lindsay37,MOBA,2026-01-03,6,false
mcculloughmatthew,Sandbox,2026-01-29,9,false
kfisher,MOBA,2026-01-20,2,true
oroberts,Horror,2026-03-19,4,true
tfranco,Horror,2026-04-27,5,false
amy63,Action RPG,2026-01-31,2,true
davisbrittney,Battle Royale,2026-04-02,5,true
taylorzachary,MOBA,2026-04-25,1,false
laceyday,Metroidvania,2026-02-22,6,true
ecrane,MOBA,2026-04-26,3,true
danielrocha,Action RPG,2026-04-25,10,false
theresaschaefer,Battle Royale,2026-03-23,10,false
mccartylori,Strategy,2026-02-27,5,false
ericksonevan,First-Person Shooter,2026-04-13,5,false
philliprogers,Metroidvania,2026-02-25,4,true
ecrane,Simulation,2026-03-10,2,true
odonnellcatherine,Simulation,2026-04-14,8,false
angelaward,Sandbox,2026-04-16,5,true
albertellis,Simulation,2026-03-08,9,true
tracielozano,Battle Royale,2026-01-19,1,true
kellyherring,MOBA,2026-01-29,10,true
bryanflores,Strategy,2026-04-11,9,true
burnsamanda,Platformer,2026-03-09,5,false
julie16,Action RPG,2026-01-29,9,true
fordjulia,Battle Royale,2026-02-15,2,true
samanthaterry,Horror,2026-01-23,8,false
brettrogers,Metroidvania,2026-02-18,6,false
vgreer,MOBA,2026-02-24,1,false
joshuahuang,First-Person Shooter,2026-03-17,4,true
twalker,Action RPG,2026-03-14,5,false
ljones,MOBA,2026-02-24,6,false
dware,Strategy,2026-02-14,7,true
dakotawatson,MOBA,2026-02-20,7,true
james05,Simulation,2026-04-22,6,true
krista67,Action RPG,2026-01-07,1,false
tapiaveronica,MOBA,2026-01-14,1,true
jacobshea,Simulation,2026-04-16,9,false
traceymiranda,MOBA,2026-02-14,8,false
christinahoward,Strategy,2026-04-01,5,false
kristenfoster,Simulation,2026-01-29,5,true
cheyennemarquez,Horror,2026-01-29,7,true
lisa00,Horror,2026-04-16,8,true
uholt,Battle Royale,2026-04-15,1,false
mindy83,Strategy,2026-03-07,3,false
luiselliott,Sandbox,2026-01-03,6,false
ojackson,Simulation,2026-01-14,3,false
michelle85,Strategy,2026-03-28,8,true
andrew64,Action RPG,2026-04-01,7,false
cheyennesutton,Battle Royale,2026-04-15,5,false
jamesgreene,First-Person Shooter,2026-03-01,9,true
brookeking,Metroidvania,2026-01-02,9,true
wileydonna,First-Person Shooter,2026-04-17,4,false
cody17,Horror,2026-03-09,10,false
jacksonsteven,Metroidvania,2026-01-10,10,false
tabitha00,Strategy,2026-04-13,9,true
tayloreric,Action RPG,2026-02-20,7,true
jack22,Action RPG,2026-04-13,3,false
lynnwatson,Simulation,2026-01-13,10,true
davisgeorge,Simulation,2026-03-30,2,false
jason14,Simulation,2026-02-09,4,true
nancy88,Sandbox,2026-01-27,10,true
emilyvega,First-Person Shooter,2026-03-01,8,false
bwhite,Metroidvania,2026-03-03,9,true
donna01,Platformer,2026-02-19,10,true
jamesstewart,Sandbox,2026-02-08,2,true
andrewdavis,Horror,2026-04-02,5,false
ashleywashington,Platformer,2026-04-27,1,false
simpsonjay,Metroidvania,2026-01-20,9,false
bnorton,Platformer,2026-01-05,2,true
courtneyodonnell,Sandbox,2026-02-27,8,true
christopher45,Action RPG,2026-01-28,7,true
roberttownsend,Sandbox,2026-03-11,5,true
bryan98,Action RPG,2026-03-23,2,true
kathyhenry,Action RPG,2026-03-09,8,true
markgraves,Metroidvania,2026-03-30,7,true
burtonryan,Horror,2026-04-01,10,false
brandon36,MOBA,2026-03-16,7,true
vshaw,Action RPG,2026-03-16,3,false
srose,Action RPG,2026-03-06,4,false
nroberts,First-Person Shooter,2026-02-16,7,true
ramirezjeffrey,First-Person Shooter,2026-04-13,9,true
michaelpowers,Simulation,2026-01-07,1,true
bergmadison,Horror,2026-02-03,3,true
schneiderdonald,Simulation,2026-01-30,3,false
plamb,Battle Royale,2026-02-15,10,false
carolyn64,Battle Royale,2026-02-21,6,false
manuelbrown,Strategy,2026-03-01,5,true
faith62,First-Person Shooter,2026-04-02,5,false
andersonstephanie,MOBA,2026-02-08,8,false
hutchinsonlorraine,Horror,2026-01-08,3,true
simpsonmatthew,Battle Royale,2026-03-25,5,false
umassey,MOBA,2026-02-09,6,false
flynnvictor,Horror,2026-04-24,8,false
jasmine60,Action RPG,2026-04-07,1,true
lorraine90,First-Person Shooter,2026-04-08,2,false
david78,First-Person Shooter,2026-02-06,8,true
wellsronald,Action RPG,2026-01-17,1,false
michelle49,Battle Royale,2026-01-29,1,true
christopher09,Simulation,2026-01-19,6,true
lawrence74,Platformer,2026-01-27,7,false
leblanceric,Action RPG,2026-01-15,9,false
dmiller,Strategy,2026-01-18,8,true
owinters,MOBA,2026-04-25,5,false
fernandobarnett,Metroidvania,2026-04-24,10,false
mhenderson,MOBA,2026-01-02,8,true
derrick66,Battle Royale,2026-01-21,2,false
rebeccajordan,Sandbox,2026-03-30,9,true
abigailjohnson,Horror,2026-03-20,8,true
randy72,Strategy,2026-04-10,4,false
james27,First-Person Shooter,2026-02-04,10,false
leachevan,Battle Royale,2026-03-17,8,false
christinahill,Action RPG,2026-03-12,3,true
doylejoshua,First-Person Shooter,2026-02-11,3,true
pamela41,Action RPG,2026-01-04,4,true
michaelgiles,Battle Royale,2026-04-03,1,true
davisjames,Simulation,2026-04-24,2,false
jay90,Action RPG,2026-01-17,5,false
james05,Sandbox,2026-02-04,3,false
afrost,Simulation,2026-04-28,1,false
nancy88,Battle Royale,2026-01-22,1,true
ericpeters,MOBA,2026-03-17,8,false
stephaniebrown,Strategy,2026-04-12,1,true
amy68,Horror,2026-04-03,4,false
xwatts,Platformer,2026-01-31,10,false
nataliemoody,Battle Royale,2026-02-17,1,false
johnmorales,Platformer,2026-01-11,5,true
dylan87,Platformer,2026-01-03,5,true
tyler29,Strategy,2026-03-01,8,false
julia54,Sandbox,2026-04-19,1,false
susanwiggins,Simulation,2026-03-05,8,true
ecrane,Platformer,2026-01-16,5,false
zjames,Sandbox,2026-02-09,5,true
morganfrances,Battle Royale,2026-04-06,10,true
lunadebbie,Simulation,2026-03-16,3,true
christopher73,Platformer,2026-04-09,7,true
shane49,First-Person Shooter,2026-01-26,9,false
carterrobert,MOBA,2026-03-20,2,false
victoria58,Horror,2026-02-19,6,false
amy45,MOBA,2026-01-27,2,true
kimberlylawrence,MOBA,2026-03-20,4,true
agould,First-Person Shooter,2026-02-28,3,false
riveralydia,Battle Royale,2026-02-23,1,false
lindsayjackson,Simulation,2026-03-22,7,true
dianeball,Platformer,2026-03-23,8,false
morganfrances,First-Person Shooter,2026-01-17,4,false
ericwilliams,Simulation,2026-02-19,4,true
connie38,Horror,2026-02-05,7,false
ytorres,Battle Royale,2026-03-10,4,false
mejiavictoria,Sandbox,2026-04-24,7,true
qcobb,Sandbox,2026-04-08,5,true
vmartinez,MOBA,2026-04-23,3,true
riveraglenn,Sandbox,2026-01-09,10,true
christina11,Strategy,2026-01-10,1,true
jwilliams,Platformer,2026-02-01,6,true
markalexander,MOBA,2026-04-20,3,false
patricia13,First-Person Shooter,2026-03-29,8,true
brockjanet,MOBA,2026-01-03,1,true
angela71,Battle Royale,2026-02-21,10,false
kylegay,First-Person Shooter,2026-03-02,7,false
laura46,Platformer,2026-02-26,5,true
chadnelson,First-Person Shooter,2026-02-11,10,false
walshmelinda,Metroidvania,2026-02-20,6,true
carsonadam,Strategy,2026-03-06,5,false
jherman,Battle Royale,2026-04-04,5,false
bryan60,Sandbox,2026-04-26,4,true
morrislindsay,Strategy,2026-03-26,5,true
khoward,MOBA,2026-01-25,3,true
luiselliott,Battle Royale,2026-01-02,1,false
jessica54,Action RPG,2026-01-31,1,true
vcurry,Horror,2026-04-13,2,true
rossnicole,Metroidvania,2026-02-06,1,true
brownjohnny,Action RPG,2026-03-14,6,false
traciwhitehead,Metroidvania,2026-02-06,6,true
kimsharon,Action RPG,2026-01-07,5,false
ryan82,Horror,2026-03-25,10,false
erin53,Strategy,2026-02-26,2,false
weberricky,Sandbox,2026-01-22,2,false
ctucker,Simulation,2026-04-01,7,false
ohughes,Simulation,2026-03-21,5,true
phillipschristopher,Platformer,2026-02-16,7,true
tammy14,Sandbox,2026-01-20,9,true
rebekah84,Platformer,2026-01-19,3,true
kimberly34,Metroidvania,2026-03-22,10,false
carlmiller,Platformer,2026-02-11,6,false
linda63,Battle Royale,2026-03-18,9,false
zkline,Platformer,2026-01-12,7,false
callen,Simulation,2026-04-12,4,true
perrycharles,First-Person Shooter,2026-01-02,3,true
woodmark,Sandbox,2026-04-19,3,true
jimbernard,Battle Royale,2026-03-04,7,false
dawnburton,Horror,2026-01-30,10,true
michael94,MOBA,2026-04-07,10,true
emorris,Simulation,2026-02-06,7,false
charles90,MOBA,2026-01-14,6,true
benjamin94,Battle Royale,2026-01-06,6,true
sotoapril,Horror,2026-02-13,8,false
gentrymichele,Metroidvania,2026-03-30,4,false
davismakayla,Metroidvania,2026-02-04,5,true
shawnmartinez,Action RPG,2026-02-17,1,true
jeremy30,Battle Royale,2026-01-07,4,true
orozcotammy,Metroidvania,2026-04-13,5,false
ruben74,MOBA,2026-02-06,3,true
hperry,MOBA,2026-04-21,9,true
hannahhall,Simulation,2026-01-27,5,false
xhunter,Strategy,2026-02-24,9,true
wgilmore,MOBA,2026-02-09,7,true
riverarobert,Metroidvania,2026-03-30,3,false
markhernandez,Strategy,2026-01-18,9,true
portercynthia,Action RPG,2026-03-28,2,true
aliciahall,Horror,2026-01-21,5,false
allisonglenn,Horror,2026-01-09,6,true
amanda81,Simulation,2026-01-08,3,true
kimberly60,MOBA,2026-03-24,7,false
richardlopez,Horror,2026-02-13,8,true
jessica89,Action RPG,2026-02-10,5,true
crystalmejia,Strategy,2026-04-14,5,false
dannyjensen,First-Person Shooter,2026-01-25,2,true
icollins,Strategy,2026-04-20,8,false
keithrush,Horror,2026-02-10,5,false
barrettamy,Metroidvania,2026-03-07,7,false
jeffreycervantes,Simulation,2026-03-06,10,true
jackgay,Simulation,2026-02-21,3,false
daniel06,Battle Royale,2026-03-05,2,false
xwatts,Strategy,2026-01-28,5,true
brianjones,Action RPG,2026-01-07,4,true
daniel67,MOBA,2026-04-10,6,true
dayian,Platformer,2026-04-27,10,false
garyjohnson,Action RPG,2026-01-31,6,true
silvajames,Battle Royale,2026-02-27,7,true
sean66,Metroidvania,2026-03-08,5,true
cassandra87,Sandbox,2026-02-08,6,false
cervantesjillian,MOBA,2026-02-28,10,false
sharonharding,Action RPG,2026-01-31,8,true
bakercheryl,Metroidvania,2026-02-04,2,true
meyerkyle,Horror,2026-01-06,7,true
gamblecharles,Battle Royale,2026-02-18,3,false
david77,Simulation,2026-03-16,3,false
ojohnson,Horror,2026-03-15,7,true
klam,Platformer,2026-03-05,7,true
colonjeremy,Strategy,2026-01-23,3,true
cartertammy,Platformer,2026-04-04,7,true
ericmurphy,Action RPG,2026-01-31,2,false
robertmcdonald,Horror,2026-02-22,6,false
hperry,Action RPG,2026-04-17,4,false
stewartalbert,MOBA,2026-02-27,4,true
burnsamanda,Metroidvania,2026-04-23,3,false
moorehenry,Strategy,2026-02-08,9,false
paulhill,Action RPG,2026-02-14,4,false
qdudley,Simulation,2026-04-11,10,true
robertmiller,Sandbox,2026-01-12,5,false
chelsea65,Sandbox,2026-03-05,10,false
richmondjay,Sandbox,2026-02-03,10,false
qmartinez,Action RPG,2026-02-21,10,true
reeseangela,MOBA,2026-01-20,2,false
fwebb,Horror,2026-01-03,4,false
xwilliams,MOBA,2026-03-03,9,true
laura22,Sandbox,2026-03-13,7,true
moranwhitney,MOBA,2026-02-19,3,true
hernandezwilliam,Action RPG,2026-01-20,7,true
fmoore,Sandbox,2026-03-24,1,false
ryanconrad,Horror,2026-01-24,2,false
vcollins,Simulation,2026-01-10,3,true
amber85,First-Person Shooter,2026-03-10,9,true
hurstalexander,Strategy,2026-03-24,9,true
hurstalexander,MOBA,2026-03-02,1,true
sanchezemily,Metroidvania,2026-04-13,10,false
ujohnson,First-Person Shooter,2026-01-27,3,true
faulknerjennifer,Platformer,2026-03-28,1,false
webbbethany,Sandbox,2026-03-06,9,true
ikane,MOBA,2026-03-23,5,true
ohinton,Strategy,2026-01-09,4,false
fernandobarnett,Metroidvania,2026-04-15,2,true
jessicahoward,Battle Royale,2026-02-26,10,true
williamsgina,Battle Royale,2026-03-08,8,false
shelby50,First-Person Shooter,2026-03-15,8,false
tmadden,First-Person Shooter,2026-02-03,2,false
simsrenee,Simulation,2026-03-12,5,false
hernandezwilliam,Horror,2026-03-27,8,true
leeelizabeth,Action RPG,2026-03-29,4,true
olsenchristina,MOBA,2026-04-24,8,true
bridgeslori,Action RPG,2026-02-25,4,true
elaine81,Battle Royale,2026-02-20,2,true
franklong,Battle Royale,2026-04-10,4,false
mcdonaldsandra,Sandbox,2026-02-03,9,false
marksaunders,Metroidvania,2026-04-25,10,false
nelsonjohn,Metroidvania,2026-03-04,6,false
wrightrachel,Action RPG,2026-04-12,6,false
nrose,MOBA,2026-04-05,4,false
sarah10,Metroidvania,2026-04-27,9,true
xmclaughlin,Sandbox,2026-01-01,5,true
johnsondavid,First-Person Shooter,2026-04-06,1,false
rosecohen,Horror,2026-04-14,7,false
ebuckley,Platformer,2026-03-08,3,false
esmith,Metroidvania,2026-02-20,9,true
edward86,Metroidvania,2026-01-14,1,false
jasonbrown,Horror,2026-01-26,9,false
sandrathompson,MOBA,2026-03-29,7,true
kmckinney,Simulation,2026-04-10,7,false
cantucaitlin,Metroidvania,2026-02-02,9,true
sotoapril,Strategy,2026-01-21,9,false
maxwelljohn,First-Person Shooter,2026-04-01,6,false
christopher73,Platformer,2026-02-16,3,false
hgarner,Sandbox,2026-01-07,9,true
mcdonaldbrooke,MOBA,2026-01-20,2,true
christopher88,Metroidvania,2026-04-27,10,false
moodydon,Simulation,2026-01-31,2,true
gflores,Strategy,2026-02-11,9,true
william66,Battle Royale,2026-03-05,9,true
parkjohnathan,Simulation,2026-03-05,10,false
bcooper,Metroidvania,2026-02-07,9,true
wrightkaren,First-Person Shooter,2026-03-09,6,false
jeffrey54,Horror,2026-02-09,2,false
petersenshannon,MOBA,2026-01-25,9,true
cassandra87,MOBA,2026-02-19,5,false
xvalenzuela,Horror,2026-02-14,10,true
kimberly60,Sandbox,2026-03-29,5,false
dianeball,First-Person Shooter,2026-02-11,6,false
jvega,Action RPG,2026-03-28,4,false
yperez,Action RPG,2026-04-12,1,false
martinkatherine,Metroidvania,2026-04-09,10,true
lauren72,First-Person Shooter,2026-04-21,7,false
mooremariah,Strategy,2026-04-15,7,false
zharris,Battle Royale,2026-04-08,1,true
micheleunderwood,Platformer,2026-02-23,4,true
seanwebster,Platformer,2026-01-13,9,true
bcastaneda,Metroidvania,2026-03-07,7,true
gonzaleztammy,Strategy,2026-01-21,3,true
ymartinez,Sandbox,2026-02-13,1,true
jlynn,Strategy,2026-04-10,4,false
mark77,First-Person Shooter,2026-02-21,8,true
zroach,Horror,2026-03-02,6,true
ggreen,Metroidvania,2026-02-03,6,false
robertstyler,Platformer,2026-02-20,7,false
perezkaren,Simulation,2026-04-17,8,true
courtneyrollins,Strategy,2026-03-15,10,true
ewong,Metroidvania,2026-03-02,6,false
jnichols,Platformer,2026-01-27,2,true
erik79,Simulation,2026-03-13,6,false
rmiller,Horror,2026-01-18,6,false
briancook,First-Person Shooter,2026-03-11,6,false
dsanchez,Battle Royale,2026-02-26,7,true
samanthawhite,MOBA,2026-04-18,10,true
coreybond,MOBA,2026-01-06,5,false
ugreene,Action RPG,2026-04-05,10,false
hestes,Action RPG,2026-04-12,7,false
zlee,Simulation,2026-03-18,10,true
frenchryan,Simulation,2026-01-26,7,false
bankscaitlin,Action RPG,2026-03-03,9,false
melinda94,MOBA,2026-01-04,1,true
mcgeerobert,First-Person Shooter,2026-01-22,6,true
nshelton,Metroidvania,2026-01-28,10,false
burnsjames,Simulation,2026-03-18,7,false
brittany83,Horror,2026-02-22,3,true
vincentjames,Battle Royale,2026-02-24,3,true
philipandrade,Metroidvania,2026-01-10,2,false
samanthawhite,Battle Royale,2026-02-14,9,true
dstewart,Action RPG,2026-04-28,5,true
stevenhayes,Battle Royale,2026-01-31,2,true
taylor35,Sandbox,2026-01-22,5,true
kimberly87,MOBA,2026-04-15,2,false
julie16,Strategy,2026-04-15,7,false
matthewgreen,Horror,2026-03-15,9,false
steven49,Horror,2026-01-28,8,true
fweaver,Platformer,2026-04-25,9,false
kirbyjames,First-Person Shooter,2026-03-11,10,false
jessica89,Strategy,2026-03-13,9,false
millermadeline,Sandbox,2026-03-23,7,false
megan59,Simulation,2026-03-20,10,false
glennrachel,Simulation,2026-04-04,2,true
qjones,Sandbox,2026-01-22,2,true
mcervantes,First-Person Shooter,2026-04-23,6,false
jennifer07,Simulation,2026-01-20,6,false
stevenmedina,Platformer,2026-02-04,8,true
erik80,Horror,2026-02-06,7,false
kathleen78,First-Person Shooter,2026-02-19,9,false
morganfrances,Action RPG,2026-01-01,3,false
christophersanchez,First-Person Shooter,2026-04-18,4,true
khanson,Battle Royale,2026-01-01,7,true
tcrawford,Platformer,2026-01-02,1,true
powellsteven,Metroidvania,2026-02-02,3,false
kristy41,Simulation,2026-03-17,3,true
ochang,Action RPG,2026-04-10,1,false
nrose,Horror,2026-03-31,10,true
campbelllisa,Horror,2026-03-08,3,true
susanwiggins,MOBA,2026-01-06,7,false
ffernandez,MOBA,2026-02-13,3,true
lthomas,Battle Royale,2026-04-17,7,true
kbrooks,Simulation,2026-04-15,5,true
patrickcarter,Simulation,2026-03-12,1,false
walshmelinda,Horror,2026-01-24,3,true
wreilly,Simulation,2026-01-12,1,false
hlee,Horror,2026-01-04,8,false
aliciabruce,Sandbox,2026-01-12,5,false
powellsteven,Battle Royale,2026-04-09,9,false
laurenjones,MOBA,2026-01-08,10,false
wayne57,Sandbox,2026-04-09,3,false
garrettnicholas,Platformer,2026-04-24,8,false
pricestacey,Battle Royale,2026-03-09,9,false
andersonstephanie,Action RPG,2026-03-22,2,true
rachelrobertson,Platformer,2026-02-23,3,false
tammy14,Action RPG,2026-01-05,7,true
jonesdennis,MOBA,2026-04-02,1,false
bwilson,Metroidvania,2026-02-27,10,false
tarareynolds,Simulation,2026-04-18,1,true
william30,MOBA,2026-04-18,2,true
angelapatterson,Battle Royale,2026-01-05,10,true
brendancarter,Strategy,2026-04-26,7,true
steven47,Metroidvania,2026-01-19,8,true
marcjones,Sandbox,2026-04-20,5,false
underwoodsean,First-Person Shooter,2026-04-27,9,true
ojohnson,MOBA,2026-04-20,4,false
ejones,Sandbox,2026-03-25,2,false
ericwilliams,Strategy,2026-04-08,2,true
fwebb,Strategy,2026-03-12,3,true
kathleenguerrero,Action RPG,2026-03-05,7,false
knightmichael,MOBA,2026-04-19,7,false
gonzalezjason,Action RPG,2026-03-12,4,false
carlos18,First-Person Shooter,2026-01-17,6,false
brianna57,Simulation,2026-01-08,1,true
kimberly60,Action RPG,2026-04-28,7,true
rmorales,MOBA,2026-03-06,2,true
marthajackson,First-Person Shooter,2026-04-01,6,true
trevormunoz,Metroidvania,2026-03-27,3,false
lukepeterson,First-Person Shooter,2026-01-23,1,true
alexandrajimenez,Simulation,2026-02-22,6,true
kentbrandon,Horror,2026-03-17,1,true
hartshelly,Sandbox,2026-03-26,9,false
randy61,Action RPG,2026-03-23,10,false
pricerebecca,Strategy,2026-04-13,9,false
deborah77,Battle Royale,2026-04-10,5,true
alexmejia,MOBA,2026-03-26,7,false
chris36,Action RPG,2026-01-25,10,false
perezdaniel,Sandbox,2026-04-21,3,true
melissasims,MOBA,2026-01-19,10,false
matthewgreen,Battle Royale,2026-02-07,3,false
mgriffin,First-Person Shooter,2026-03-08,6,true
wilsoneric,Simulation,2026-02-23,5,true
jimbernard,Sandbox,2026-03-28,8,false
awagner,Action RPG,2026-02-08,7,false
jessica62,Sandbox,2026-02-08,9,true
anna48,Metroidvania,2026-03-30,6,false
jasonallen,MOBA,2026-01-07,1,false
kimberlygross,First-Person Shooter,2026-02-06,9,true
alyssagentry,Metroidvania,2026-04-01,3,true
xwilson,MOBA,2026-01-27,10,true
randall91,Strategy,2026-04-01,5,true
alyssa38,MOBA,2026-01-28,7,true
yewing,Sandbox,2026-03-14,4,true
angela60,Horror,2026-03-28,3,true
kristen85,Action RPG,2026-03-18,8,true
zharris,Metroidvania,2026-03-29,6,false
frenchryan,Metroidvania,2026-04-14,7,false
angela71,Platformer,2026-02-25,4,false
feliciawilliams,Platformer,2026-03-20,1,false
ruiznatalie,Metroidvania,2026-01-06,6,true
dianeball,Platformer,2026-01-14,9,true
johnsonkristin,Sandbox,2026-02-15,6,false
ireid,Metroidvania,2026-02-24,5,true
briandickerson,Battle Royale,2026-03-22,10,false
thomaskevin,Platformer,2026-04-18,1,false
ewest,Action RPG,2026-02-10,9,true
brandonfisher,MOBA,2026-02-17,7,false
rebeccaanderson,Simulation,2026-04-07,10,true
christymason,Sandbox,2026-03-16,4,false
jeremycooper,Sandbox,2026-03-01,9,false
joshuastafford,First-Person Shooter,2026-04-10,3,true
zjones,Horror,2026-04-27,6,false
moodydon,Metroidvania,2026-02-02,7,true
lindsey25,Platformer,2026-03-30,1,false
william84,MOBA,2026-03-10,5,true
thompsonstephanie,Platformer,2026-01-30,6,false
qbryan,Metroidvania,2026-01-11,10,true
brian21,Sandbox,2026-04-09,8,false
melaniejackson,Simulation,2026-04-08,3,false
eric65,Strategy,2026-01-17,10,false
jacksongregory,First-Person Shooter,2026-02-07,6,false
stacey43,Strategy,2026-01-30,2,true
rebecca98,MOBA,2026-04-26,5,true
perrycharles,Sandbox,2026-03-06,7,true
carmenturner,Battle Royale,2026-01-30,4,true
megan59,Action RPG,2026-02-08,7,false
bboyd,Simulation,2026-04-24,5,false
finleyisaac,MOBA,2026-02-01,3,false
shaunblackburn,Strategy,2026-04-18,3,true
kathleen78,Strategy,2026-02-26,3,true
nicolesims,Strategy,2026-02-16,9,true
franklong,Simulation,2026-04-09,10,false
mgalvan,MOBA,2026-01-14,4,true
brettrogers,Metroidvania,2026-03-22,8,false
hurleyalexandra,MOBA,2026-04-27,10,true
samantha85,Metroidvania,2026-04-03,10,true
ashleylopez,Simulation,2026-01-11,7,true
kevin66,Battle Royale,2026-01-04,3,true
williamsjill,MOBA,2026-04-23,1,false
monicawilliams,Platformer,2026-02-17,5,true
owalker,First-Person Shooter,2026-04-24,10,true
shermanmelissa,Platformer,2026-03-21,8,true
zturner,Simulation,2026-04-08,7,true
ulopez,First-Person Shooter,2026-04-05,1,true
edwardskenneth,Simulation,2026-02-15,8,true
amy24,MOBA,2026-02-18,3,true
hunttravis,Horror,2026-04-05,9,true
trevormunoz,First-Person Shooter,2026-02-27,7,true
paulschwartz,Battle Royale,2026-01-14,3,false
taylorzachary,Battle Royale,2026-03-29,1,false
astone,Simulation,2026-04-19,10,false
vazquezsierra,Metroidvania,2026-04-13,7,true
cantrellstephen,Horror,2026-04-20,9,false
porterbarbara,Platformer,2026-03-21,9,true
odickson,First-Person Shooter,2026-01-19,5,true
jeffrey88,MOBA,2026-04-04,6,true
crystal66,Battle Royale,2026-01-08,6,false
ricardoruiz,MOBA,2026-01-31,3,false
nhunter,Horror,2026-01-18,8,true
cynthia82,MOBA,2026-04-22,7,false
jeremiah07,Horror,2026-01-28,1,false
grantkevin,Battle Royale,2026-02-13,2,false
perezrobert,Platformer,2026-03-15,2,true
alexandria81,First-Person Shooter,2026-04-18,2,true
tracycrawford,Simulation,2026-03-02,2,false
faulknerwilliam,MOBA,2026-02-10,3,true
mosesbrenda,Battle Royale,2026-03-02,2,true
hfrank,First-Person Shooter,2026-04-04,5,false
christina11,Horror,2026-03-21,8,false
jreynolds,Metroidvania,2026-04-18,1,false
stephaniewebb,Metroidvania,2026-04-06,10,true
laura81,First-Person Shooter,2026-02-24,8,false
moonronald,Action RPG,2026-04-07,8,false
taylor12,Sandbox,2026-01-06,5,false
smithmadeline,MOBA,2026-03-29,2,true
lynn19,Metroidvania,2026-04-24,9,false
uparker,Metroidvania,2026-03-05,1,true
sanchezmegan,Strategy,2026-01-25,3,false
hestes,Battle Royale,2026-04-10,3,false
millsangela,MOBA,2026-04-03,5,true
michael49,MOBA,2026-03-25,9,true
christinemiller,First-Person Shooter,2026-02-24,1,false
amora,Battle Royale,2026-03-04,8,true
danabrown,Metroidvania,2026-03-27,6,false
zclay,Metroidvania,2026-04-26,8,true
shelia30,First-Person Shooter,2026-03-21,2,true
tmoreno,Action RPG,2026-01-28,7,false
tthomas,MOBA,2026-01-27,8,false
carlmiller,Simulation,2026-03-18,7,true
knightkaitlyn,Sandbox,2026-02-01,6,true
brett61,First-Person Shooter,2026-02-12,8,false
richard16,Battle Royale,2026-04-23,6,true
jeffrodriguez,MOBA,2026-04-17,7,false
allisonglenn,Action RPG,2026-02-08,2,true
bcooper,First-Person Shooter,2026-04-17,9,false
johnvaughn,Metroidvania,2026-03-29,2,true
pamela41,Strategy,2026-03-13,5,false
samantha83,MOBA,2026-01-05,3,true
philipandrade,Action RPG,2026-01-12,3,false
munozmelissa,MOBA,2026-04-02,9,false
njohnson,Strategy,2026-03-09,6,true
lindsayjackson,Horror,2026-02-16,7,false
sotoapril,First-Person Shooter,2026-04-08,6,false
newmanandrea,Simulation,2026-02-24,6,true
kcunningham,Metroidvania,2026-02-22,3,true
ojennings,Horror,2026-02-07,7,true
jennifer41,Simulation,2026-02-17,10,false
kevinbrown,Metroidvania,2026-04-18,7,true
lunadebbie,Battle Royale,2026-02-11,3,false
johnny27,Metroidvania,2026-02-14,8,false
xwilson,Strategy,2026-01-21,6,true
terrijohnson,Strategy,2026-02-04,1,true
juanscott,First-Person Shooter,2026-01-05,1,true
jeremy30,Action RPG,2026-03-07,2,false
victoria29,Sandbox,2026-01-10,6,false
ikane,Action RPG,2026-01-30,4,true
kennethboyer,Strategy,2026-01-21,8,false
stacey99,Strategy,2026-03-18,6,false
fhernandez,Sandbox,2026-02-09,2,false
lauraellison,Battle Royale,2026-02-04,10,true
christopher86,Sandbox,2026-01-05,7,false
sanchezmichael,First-Person Shooter,2026-02-13,10,true
stevenhayes,Horror,2026-01-03,3,false
kevinbrown,MOBA,2026-03-28,5,false
catherine41,Strategy,2026-02-21,2,false
gutierrezbrandy,First-Person Shooter,2026-02-25,5,false
richard99,Platformer,2026-02-18,9,true
christophermorrison,Sandbox,2026-03-02,1,true
bensonbrenda,MOBA,2026-01-15,4,true
maria72,Metroidvania,2026-01-07,7,false
snydertimothy,Simulation,2026-01-31,6,false
jacqueline19,Simulation,2026-02-27,2,false
robinlove,Sandbox,2026-02-18,6,true
shellykelly,Platformer,2026-04-15,10,true
ymcdonald,Platformer,2026-03-22,1,false
nicholascabrera,Strategy,2026-01-30,7,false
wagnerdavid,Action RPG,2026-02-03,1,true
ucampbell,Simulation,2026-01-22,7,false
elizabethrogers,MOBA,2026-03-30,1,true
faulknerwilliam,MOBA,2026-04-09,3,false
wbrown,Battle Royale,2026-02-21,5,false
jbrown,Sandbox,2026-03-31,10,true
rhonda12,Platformer,2026-01-07,5,false
keithsheppard,Metroidvania,2026-03-27,10,false
jthompson,First-Person Shooter,2026-03-18,4,false
brittany83,Battle Royale,2026-01-09,6,true
darius19,Battle Royale,2026-02-10,9,false
rgreene,Strategy,2026-02-13,9,true
vvargas,Strategy,2026-03-01,1,true
nancycampbell,Platformer,2026-01-27,9,true
ericwilliams,Horror,2026-04-16,7,true
jarvisjulia,MOBA,2026-02-26,6,false
andersonjuan,Battle Royale,2026-02-05,2,true
jamesstewart,First-Person Shooter,2026-04-17,1,true
william93,Platformer,2026-03-25,3,false
omar08,Sandbox,2026-04-24,9,true
joneslaura,Strategy,2026-01-20,3,true
sandersnicole,Battle Royale,2026-03-28,2,false
david75,MOBA,2026-04-16,7,true
eberry,Platformer,2026-04-19,6,true
bcooper,First-Person Shooter,2026-03-10,6,true
longkyle,Strategy,2026-01-26,8,true
tapiamichael,Platformer,2026-04-23,9,false
twilliams,Horror,2026-03-09,1,false
jvega,Action RPG,2026-02-13,7,false
rmorales,Action RPG,2026-02-21,7,false
xbishop,Platformer,2026-03-31,9,false
angelapatterson,First-Person Shooter,2026-01-31,9,true
mcdonaldbradley,Horror,2026-01-29,8,false
mooremelinda,First-Person Shooter,2026-02-15,2,false
greggjones,Sandbox,2026-01-11,2,false
jvega,MOBA,2026-03-03,10,true
lutzmary,Simulation,2026-01-29,4,false
robinadams,Sandbox,2026-01-20,5,true
tabitha00,Action RPG,2026-01-07,2,true
christopher52,Metroidvania,2026-04-03,2,true
vazquezkevin,Horror,2026-04-12,6,true
richardsondebra,Sandbox,2026-01-04,7,true
moodydon,First-Person Shooter,2026-01-07,2,true
vmcconnell,Strategy,2026-02-18,2,true
qmartinez,First-Person Shooter,2026-03-18,8,true
christinenguyen,Action RPG,2026-03-02,9,true
patrick92,Platformer,2026-03-02,3,true
kelly49,Horror,2026-02-07,10,false
hgross,First-Person Shooter,2026-03-14,10,false
usanchez,Action RPG,2026-02-04,6,true
qmccarty,Horror,2026-04-11,8,false
jonestanya,Platformer,2026-01-23,4,true
wsanders,Platformer,2026-04-22,7,false
gonzaleztammy,Sandbox,2026-04-02,7,true
anthony50,Action RPG,2026-04-07,7,true
gravesdavid,Battle Royale,2026-01-22,2,true
garrettsusan,First-Person Shooter,2026-04-25,10,true
carol40,Metroidvania,2026-02-22,4,true
dixonandrew,Strategy,2026-03-24,4,true
ygreen,Battle Royale,2026-01-29,5,false
colemanariana,Simulation,2026-03-28,3,false
michelle85,Strategy,2026-02-01,2,false
sarah43,Battle Royale,2026-02-27,5,false
ericduncan,Metroidvania,2026-04-25,7,false
imccann,Battle Royale,2026-04-08,4,true
kprice,MOBA,2026-03-29,9,false
qmercer,Sandbox,2026-03-06,1,false
ihouston,Simulation,2026-04-16,3,true
timgarcia,Sandbox,2026-01-15,7,true
bobholland,Simulation,2026-03-21,5,false
bgordon,Action RPG,2026-01-30,10,true
bowersnina,Metroidvania,2026-03-13,10,false
daniel67,Sandbox,2026-01-29,7,true
steven47,MOBA,2026-02-16,10,true
juan50,Simulation,2026-03-26,1,false
sandy14,Horror,2026-04-25,8,true
danny51,First-Person Shooter,2026-03-06,10,true
silvajames,Horror,2026-01-19,8,true
qsimmons,Strategy,2026-03-03,4,true
ppotter,Horror,2026-03-26,3,true
amandadrake,Sandbox,2026-01-18,2,true
beckroberto,First-Person Shooter,2026-01-02,6,true
ltownsend,Horror,2026-01-29,9,true
kelly32,Battle Royale,2026-01-14,3,true
william71,Horror,2026-01-01,8,true
william66,Strategy,2026-02-16,3,false
mbullock,Sandbox,2026-04-15,5,false
jose13,Simulation,2026-02-08,10,false
rodriguezangela,Simulation,2026-03-30,10,true
brandon48,Platformer,2026-04-11,9,true
jacob07,Metroidvania,2026-03-22,5,true
wwhite,Platformer,2026-02-21,10,false
csnyder,Horror,2026-01-16,7,true
roger23,Strategy,2026-03-17,6,true
james69,Sandbox,2026-01-14,2,false
roy30,MOBA,2026-04-10,4,true
jessicaweaver,First-Person Shooter,2026-02-12,6,false
alexandria81,Platformer,2026-01-18,4,true
dennischurch,Horror,2026-01-31,4,true
higginsjack,Platformer,2026-02-07,7,false
smcknight,Sandbox,2026-02-16,3,true
tracybecker,Sandbox,2026-04-28,10,true
sotomelissa,MOBA,2026-02-28,6,false
donnabaker,Simulation,2026-01-08,7,true
gina58,Platformer,2026-03-24,1,false
trujilloadam,MOBA,2026-02-07,10,false
brownbrandon,Horror,2026-03-27,2,false
alyssa38,First-Person Shooter,2026-02-08,2,true
amy31,Strategy,2026-01-17,1,false
manuelbrown,Metroidvania,2026-04-22,10,false
rfoster,Platformer,2026-03-26,5,false
hannahvillarreal,Sandbox,2026-03-03,8,false
johnsontheodore,Battle Royale,2026-01-29,5,false
markbennett,Simulation,2026-03-09,6,false
sharpjames,Sandbox,2026-02-13,5,false
chris36,MOBA,2026-01-23,4,true
jeffrodriguez,Horror,2026-01-20,6,false
anthony38,Sandbox,2026-03-28,5,true
pamela08,Action RPG,2026-03-19,5,false
amberhawkins,Platformer,2026-04-24,6,true
jeffreythompson,Strategy,2026-03-07,6,false
lauriesnyder,Action RPG,2026-04-27,8,true
hunthelen,MOBA,2026-04-21,8,false
lori69,First-Person Shooter,2026-04-24,8,false
tfranco,First-Person Shooter,2026-01-12,4,false
ztran,First-Person Shooter,2026-01-18,5,true
kentbrandon,Horror,2026-04-22,7,true
hmoss,Simulation,2026-03-11,9,false
sarah48,Simulation,2026-01-14,3,true
jlynn,Platformer,2026-04-03,3,true
alexandria81,Sandbox,2026-01-09,2,true
qnicholson,Action RPG,2026-02-03,9,false
vazquezkevin,First-Person Shooter,2026-04-07,9,false
krista67,Metroidvania,2026-04-26,3,false
charlottebutler,Battle Royale,2026-03-29,8,true
hector58,Strategy,2026-01-14,5,false
jbailey,First-Person Shooter,2026-01-06,4,true
brucemichael,Sandbox,2026-01-02,6,false
mitchelllaura,Simulation,2026-03-30,5,true
timothy08,Platformer,2026-01-15,2,false
randycooley,First-Person Shooter,2026-04-22,2,false
nancy88,Metroidvania,2026-01-16,10,true
richard99,Sandbox,2026-01-01,5,true
julia87,Action RPG,2026-01-30,7,false
christymason,MOBA,2026-01-11,8,false
zfigueroa,Strategy,2026-01-08,3,false
qduncan,MOBA,2026-01-11,10,true
smartinez,First-Person Shooter,2026-04-27,6,true
crystal66,Action RPG,2026-04-13,4,true
phillipowen,Metroidvania,2026-03-31,2,true
andrewbarnes,Horror,2026-03-10,5,false
bullockdanielle,Horror,2026-03-14,3,false
andres44,First-Person Shooter,2026-01-11,9,true
bobbylopez,MOBA,2026-04-11,4,false
brownangelica,Sandbox,2026-02-09,1,true
john42,First-Person Shooter,2026-01-22,2,true
cnolan,Platformer,2026-02-12,10,true
deleonjames,Sandbox,2026-04-22,3,false
sshort,MOBA,2026-04-15,7,false
cantucaitlin,Strategy,2026-03-24,8,false
cheyennemarquez,Platformer,2026-04-15,6,true
mgriffin,Platformer,2026-02-23,7,false
josephjennifer,Strategy,2026-04-05,2,true
rodriguezangela,MOBA,2026-03-13,1,true
qreynolds,Strategy,2026-03-18,9,false
lauren54,Battle Royale,2026-04-04,6,true
christopher09,Strategy,2026-04-28,1,false
xdickerson,MOBA,2026-02-07,7,true
christopher73,Sandbox,2026-02-15,2,true
grahamjulie,Simulation,2026-04-19,3,false
thart,Platformer,2026-01-30,3,false
larry52,Platformer,2026-01-07,3,true
rebecca98,MOBA,2026-02-09,6,true
campostimothy,Platformer,2026-03-20,4,false
robinsonbriana,Action RPG,2026-02-14,9,true
mccoyscott,First-Person Shooter,2026-03-08,1,true
lynnwatson,Metroidvania,2026-01-10,7,false
jason59,Action RPG,2026-01-06,8,true
xherrera,Action RPG,2026-04-04,10,false
carrollkaren,Battle Royale,2026-02-26,6,false
knelson,Platformer,2026-03-26,10,false
david62,Strategy,2026-04-03,8,false
tjames,Platformer,2026-01-15,1,true
masonmorris,First-Person Shooter,2026-03-24,7,false
ellislisa,Strategy,2026-03-13,9,true
teresaburke,Action RPG,2026-04-27,3,false
velasquezvanessa,Sandbox,2026-03-03,6,true
hopkinsalexander,First-Person Shooter,2026-01-24,2,false
leahchan,Metroidvania,2026-01-12,5,false
kellytraci,Action RPG,2026-03-24,2,true
sfoster,Simulation,2026-02-01,6,false
christensenryan,MOBA,2026-04-18,6,false
mbutler,Platformer,2026-03-12,4,false
oyoung,Battle Royale,2026-01-25,5,false
knelson,Simulation,2026-02-25,10,false
emilyjohnson,MOBA,2026-04-19,8,false
leestephanie,Horror,2026-02-02,1,false
zthompson,Battle Royale,2026-02-28,8,true
aeaton,Horror,2026-04-23,5,true
sergio25,Horror,2026-04-18,7,true
schneiderdonald,First-Person Shooter,2026-02-14,6,false
reevesjamie,Sandbox,2026-01-12,6,false
hmoore,Platformer,2026-02-15,1,false
amanda39,Simulation,2026-02-15,6,false
april82,Metroidvania,2026-01-18,9,false
lsalas,Simulation,2026-01-14,2,true
jriddle,Battle Royale,2026-02-11,3,true
nicolesalas,Metroidvania,2026-03-04,1,true
marilyn24,Metroidvania,2026-02-22,2,true
dodsonjoshua,Metroidvania,2026-01-05,10,true
lsalinas,Sandbox,2026-02-20,3,true
garylee,Metroidvania,2026-03-09,9,false
richard39,First-Person Shooter,2026-01-15,5,true
william93,Sandbox,2026-04-09,2,false
leachevan,Strategy,2026-03-15,4,true
mtanner,Platformer,2026-02-15,4,true
dyoung,Battle Royale,2026-04-07,5,true
chernandez,Sandbox,2026-02-09,2,true
conniecox,Strategy,2026-02-15,4,true
scottalexander,Metroidvania,2026-02-05,4,true
dixonandrew,Sandbox,2026-02-25,5,true
roger23,Strategy,2026-01-24,7,true
tommy14,MOBA,2026-02-07,8,true
gary20,Platformer,2026-04-18,5,false
craig88,Simulation,2026-02-17,8,false
erica19,Metroidvania,2026-02-26,10,true
nicolegardner,Simulation,2026-03-30,9,true
kfisher,Action RPG,2026-04-07,9,true
russellpaul,Strategy,2026-02-22,2,false
diazmichael,Strategy,2026-02-13,8,false
shannon43,MOBA,2026-03-08,4,true
kathryn97,Strategy,2026-03-26,4,true
karenmills,Battle Royale,2026-03-13,4,false
qnicholson,Battle Royale,2026-04-21,4,true
brownbrandon,Horror,2026-04-05,4,false
courtneysmith,Horror,2026-03-11,8,false
bboyd,Horror,2026-03-27,7,true
piercethomas,Simulation,2026-04-28,3,false
tevans,Sandbox,2026-03-19,2,false
lmorris,Strategy,2026-04-23,2,false
woconnor,Horror,2026-03-03,9,false
bensonbrenda,MOBA,2026-04-15,4,true
keith36,Simulation,2026-04-07,3,false
donald34,MOBA,2026-01-29,1,true
ashleyjefferson,Metroidvania,2026-03-28,10,false
christinenguyen,Sandbox,2026-03-25,5,false
iross,Simulation,2026-01-05,4,true
andrewsmith,Horror,2026-02-23,9,true
stephenslisa,Horror,2026-03-09,9,true
jody18,Platformer,2026-02-19,2,false
amyjackson,Metroidvania,2026-04-26,5,true
jbrewer,Metroidvania,2026-04-03,9,true
nicholas95,MOBA,2026-01-14,1,true
michaelphelps,Strategy,2026-04-16,10,true
deandebra,Simulation,2026-01-26,6,true
fweaver,Platformer,2026-01-26,10,false
julie21,Sandbox,2026-01-16,4,true
kennedylauren,Platformer,2026-03-20,2,true
lberry,Platformer,2026-01-19,10,false
hperry,Strategy,2026-03-29,5,true
leeelizabeth,Strategy,2026-04-18,7,false
jacob19,Simulation,2026-02-11,8,true
jesse14,Horror,2026-01-08,1,true
hkennedy,First-Person Shooter,2026-01-29,8,true
kristy41,Battle Royale,2026-02-26,5,false
hurstalexander,Action RPG,2026-04-10,8,true
hannahvillarreal,Battle Royale,2026-03-23,9,false
smithmario,Simulation,2026-01-11,1,false
freytheresa,Battle Royale,2026-04-23,1,true
tony30,Metroidvania,2026-04-21,5,true
imurphy,Battle Royale,2026-01-09,8,true
sharonlittle,Metroidvania,2026-03-05,5,false
jacobanderson,Battle Royale,2026-04-12,1,true
markmiller,Sandbox,2026-03-25,6,true
egutierrez,Platformer,2026-02-25,8,false
lrobertson,MOBA,2026-04-02,4,true
owarner,Horror,2026-01-09,6,true
sydney08,Strategy,2026-01-23,8,true
dwilson,Metroidvania,2026-02-20,3,false
stephenkoch,MOBA,2026-04-14,2,true
theresawood,Platformer,2026-03-13,10,false
colemanariana,Metroidvania,2026-02-11,4,true
jeffrodriguez,Platformer,2026-03-19,5,false
bradley93,Platformer,2026-01-03,10,true
emilyallen,Sandbox,2026-01-02,10,false
gvaughn,Action RPG,2026-01-31,3,false
mezavanessa,MOBA,2026-04-22,8,true
josephodonnell,Platformer,2026-02-07,4,true
angelapatterson,Simulation,2026-01-19,7,false
hannahknight,Horror,2026-02-28,5,false
donaldbass,Platformer,2026-03-03,8,false
michaeldavis,MOBA,2026-03-21,5,false
evanross,MOBA,2026-01-09,1,false
ggibson,Simulation,2026-03-30,4,true
bushbob,Horror,2026-02-08,3,false
cynthia49,Action RPG,2026-03-31,9,true
zroach,Battle Royale,2026-03-26,1,false
yhendrix,First-Person Shooter,2026-02-28,4,false
keithsmith,First-Person Shooter,2026-03-04,2,false
jenniferramos,Horror,2026-01-27,3,true
imurphy,MOBA,2026-03-09,5,false
josephreed,MOBA,2026-01-13,4,false
dean18,Sandbox,2026-02-24,7,false
kevin45,Platformer,2026-03-04,3,false
scott93,Action RPG,2026-01-23,6,true
lawrence74,Simulation,2026-04-28,8,true
cassandra10,Simulation,2026-03-07,2,false
victoriakey,Platformer,2026-02-17,8,true
ucole,Strategy,2026-04-18,3,false
rgoodwin,MOBA,2026-02-20,9,false
james05,Platformer,2026-04-15,4,false
kevinespinoza,Simulation,2026-04-19,4,false
janice76,Sandbox,2026-03-17,4,true
kaylafuller,First-Person Shooter,2026-03-07,3,false
gmarsh,MOBA,2026-02-20,4,true
rayjohn,Sandbox,2026-02-17,5,true
henryrandy,MOBA,2026-03-28,7,true
marilynjames,MOBA,2026-01-09,8,false
colleen56,Strategy,2026-03-22,8,true
christine64,Simulation,2026-02-24,6,true
stevenbowman,Horror,2026-01-13,6,true
hesterlaura,Strategy,2026-04-07,1,true
ralexander,MOBA,2026-01-04,8,true
michaelrobinson,Metroidvania,2026-03-30,10,false
ubaker,Action RPG,2026-03-23,4,true
brettjohnson,Strategy,2026-01-23,2,false
tonya21,Horror,2026-04-26,2,false
kimberlycraig,Strategy,2026-01-14,1,true
samantha21,Metroidvania,2026-03-28,5,true
peterhawkins,Strategy,2026-03-30,4,true
fordjulia,Simulation,2026-01-14,5,true
rachel22,MOBA,2026-02-22,6,false
brandon36,Simulation,2026-02-11,10,false
douglaslewis,Sandbox,2026-03-26,1,true
ypotter,Horror,2026-01-09,7,true
williamfrey,MOBA,2026-03-11,3,false
kingshawn,MOBA,2026-04-09,7,true
todd35,Sandbox,2026-04-26,5,true
cortezsarah,Platformer,2026-02-24,7,false
igalvan,Metroidvania,2026-01-16,5,false
michaelgiles,Sandbox,2026-03-25,7,false
rebeccajordan,First-Person Shooter,2026-02-22,9,true
garrettjulie,Sandbox,2026-01-19,4,false
morganashley,Battle Royale,2026-01-22,7,true
sandraallen,MOBA,2026-03-26,10,true
claytonhuang,Horror,2026-04-04,5,false
williamfrey,Strategy,2026-01-08,8,false
timothyfranklin,Simulation,2026-04-01,6,true
john81,Horror,2026-02-27,4,true
shannon43,MOBA,2026-02-16,5,true
christina45,Platformer,2026-02-27,2,true
courtneysmith,Platformer,2026-01-17,6,true
harrisonheather,Horror,2026-03-04,5,false
heather53,Strategy,2026-01-24,3,true
phillip10,Battle Royale,2026-03-05,9,true
weststacey,Horror,2026-04-09,3,false
alisha30,Horror,2026-03-22,3,true
rogersruben,Metroidvania,2026-01-03,1,true
stephanielarson,Battle Royale,2026-04-28,8,true
feliciaanderson,MOBA,2026-01-21,5,false
mmitchell,Horror,2026-03-30,1,true
george30,Horror,2026-03-18,3,false
christopher73,Horror,2026-03-17,6,true
angelcox,Horror,2026-04-17,4,true
ibarrett,MOBA,2026-04-09,10,false
davisgary,Action RPG,2026-04-20,3,true
phart,Platformer,2026-03-06,7,false
danielblanchard,Sandbox,2026-02-11,4,false
smithdaniel,Battle Royale,2026-04-07,7,false
klarsen,MOBA,2026-01-06,10,false
igalvan,Sandbox,2026-01-08,2,true
navarrostacie,MOBA,2026-03-13,10,true
thomasscott,Platformer,2026-01-21,6,false
amy99,MOBA,2026-03-26,9,true
kristen85,Sandbox,2026-01-01,8,true
denise31,Platformer,2026-01-27,3,true
lewisjames,Metroidvania,2026-01-10,2,false
kimberly80,Platformer,2026-03-21,2,true
tevans,Strategy,2026-01-10,1,true
gabriel32,Horror,2026-01-28,7,true
susangoodman,Sandbox,2026-03-25,10,false
margaretmiller,Strategy,2026-03-19,3,false
crystalbuchanan,Horror,2026-01-30,1,true
lisa58,Battle Royale,2026-02-16,6,true
jared35,Simulation,2026-04-05,9,true
brandonjohnson,MOBA,2026-04-24,5,true
shannon43,Strategy,2026-01-28,1,true
john32,Strategy,2026-04-13,2,true
jweaver,Platformer,2026-04-11,2,true
christymason,Action RPG,2026-03-01,10,false
jesse14,Battle Royale,2026-04-04,6,true
michaelmills,MOBA,2026-03-19,6,false
morenoderek,First-Person Shooter,2026-01-06,7,false
johnathanpalmer,Platformer,2026-03-08,7,false
brownrobin,Battle Royale,2026-04-12,4,true
ucampbell,First-Person Shooter,2026-04-05,7,false
amberdiaz,Simulation,2026-04-16,10,false
maryritter,Strategy,2026-01-28,1,true
cole20,Action RPG,2026-03-27,10,false
anna48,Platformer,2026-02-02,8,false
bailey18,Simulation,2026-01-15,6,true
hfrank,Simulation,2026-01-07,2,true
wgray,Metroidvania,2026-04-27,6,true
tmiller,Simulation,2026-04-19,6,false
jose07,Platformer,2026-04-23,10,false
christinamelton,Strategy,2026-04-20,10,true
tylerallen,MOBA,2026-03-03,4,true
james69,Battle Royale,2026-04-07,9,false
lmorris,Platformer,2026-01-29,8,true
johnny27,First-Person Shooter,2026-01-29,8,false
bryan93,Battle Royale,2026-03-07,4,false
johnsonamber,Battle Royale,2026-01-13,1,true
kellysmith,MOBA,2026-02-25,5,true
rwoods,Platformer,2026-02-16,10,true
cantrellnicole,Simulation,2026-04-17,7,false
jamesmatthew,Sandbox,2026-03-12,8,false
patrickflores,Sandbox,2026-02-22,4,false
krausebrian,Simulation,2026-04-04,5,false
youngallen,Battle Royale,2026-02-15,6,true
haleyangela,MOBA,2026-01-20,3,true
colemanariana,Battle Royale,2026-02-23,10,false
briancook,Strategy,2026-04-16,2,true
zmorris,Action RPG,2026-03-17,7,false
prattmichael,Strategy,2026-03-13,6,false
qmosley,Battle Royale,2026-03-09,4,false
smartinez,Sandbox,2026-01-26,6,true
fryteresa,Sandbox,2026-02-26,9,true
leetyler,Action RPG,2026-01-19,10,false
shannon84,Simulation,2026-01-09,6,false
sean66,Strategy,2026-04-26,1,true
hmoss,Platformer,2026-02-14,4,true
peterlara,Horror,2026-04-15,1,true
briansnyder,Battle Royale,2026-03-28,1,true
dstone,Horror,2026-04-13,9,true
kellytraci,Battle Royale,2026-02-13,2,false
richard30,Strategy,2026-02-20,2,true
nicolegardner,Platformer,2026-03-04,1,true
fclark,First-Person Shooter,2026-04-07,8,false
garrettjulie,First-Person Shooter,2026-02-07,1,false
patricia13,Action RPG,2026-02-06,9,true
jwalker,Action RPG,2026-01-22,2,true
jessicahogan,Platformer,2026-03-14,3,true
johnbrown,Metroidvania,2026-01-01,2,false
vcasey,Battle Royale,2026-04-14,6,true
davisjoshua,Metroidvania,2026-02-19,2,true
fray,First-Person Shooter,2026-01-28,2,true
jared35,Simulation,2026-01-08,2,false
nroberts,First-Person Shooter,2026-04-12,9,true
cross,Metroidvania,2026-02-10,2,true
samuelperry,Sandbox,2026-02-21,9,true
bryantdavid,Strategy,2026-04-21,4,true
rachel81,Platformer,2026-04-27,3,true
lhamilton,First-Person Shooter,2026-02-03,2,true
markfrazier,Simulation,2026-01-04,3,false
ramseynathan,Metroidvania,2026-04-17,3,false
gjensen,First-Person Shooter,2026-02-26,3,true
prattmichael,Sandbox,2026-01-05,2,true
longtanner,Sandbox,2026-01-18,4,false
steven49,Action RPG,2026-03-07,10,true
jwalker,First-Person Shooter,2026-01-01,3,false
robbinslydia,Platformer,2026-01-10,1,true
cunninghamsusan,Action RPG,2026-03-18,5,true
piercethomas,Action RPG,2026-03-18,2,false
jennabennett,Battle Royale,2026-03-01,8,false
pmclaughlin,Sandbox,2026-01-22,7,true
abrooks,Simulation,2026-04-27,9,true
rhodesscott,MOBA,2026-01-16,2,true
dennisroberts,MOBA,2026-03-09,8,true
josephnichols,Strategy,2026-03-28,1,true
johnsonamber,Metroidvania,2026-01-04,10,false
mtanner,Battle Royale,2026-01-03,1,true
steinmichael,Platformer,2026-01-08,4,false
travis40,Sandbox,2026-03-24,6,false
marshtyrone,MOBA,2026-01-18,5,true
sean02,Battle Royale,2026-02-28,9,true
lynnwatson,Simulation,2026-01-04,2,false
alan35,Horror,2026-04-12,4,false
kellis,Action RPG,2026-04-02,5,false
mchristensen,Sandbox,2026-04-20,6,false
davisjames,MOBA,2026-03-04,3,false
richardbarbara,Platformer,2026-04-18,10,true
coxwilliam,Sandbox,2026-03-20,5,false
dennisroberts,Action RPG,2026-02-02,10,false
charlesstrickland,Metroidvania,2026-04-23,4,false
tammywalker,Simulation,2026-02-24,9,true
thomas94,Action RPG,2026-03-27,8,true
dennisroberts,MOBA,2026-01-20,1,false
nnelson,Horror,2026-03-31,8,true
rhonda91,Strategy,2026-02-03,8,false
tylerelizabeth,Sandbox,2026-03-04,1,false
raymond48,Metroidvania,2026-02-20,1,false
rachelrobertson,Sandbox,2026-01-23,7,false
johnbrown,Strategy,2026-03-31,8,false
cbeck,Platformer,2026-02-28,7,false
riveraglenn,Action RPG,2026-01-05,5,true
medinarobert,Simulation,2026-02-06,6,false
ysmith,Metroidvania,2026-01-11,7,true
angelawilliams,Metroidvania,2026-03-27,8,true
scollins,Platformer,2026-01-05,9,true
barajassusan,MOBA,2026-04-24,4,false
carlmiller,Sandbox,2026-03-03,4,false
fergusonmatthew,First-Person Shooter,2026-01-03,1,true
brettjohnson,Action RPG,2026-03-23,6,false
weberjuan,MOBA,2026-01-18,8,false
laurenmorgan,MOBA,2026-01-24,6,false
mdaniels,Action RPG,2026-01-09,3,true
millerbrandon,Action RPG,2026-02-16,4,true
campbellaaron,MOBA,2026-03-21,6,false
richard03,Action RPG,2026-02-16,2,false
bruiz,Metroidvania,2026-03-27,1,true
andrewhernandez,MOBA,2026-03-18,3,false
sean70,First-Person Shooter,2026-02-03,10,false
williamscorey,Action RPG,2026-03-30,10,true
christopher89,Horror,2026-04-04,8,false
brandongonzalez,First-Person Shooter,2026-02-17,10,true
brianmckinney,Metroidvania,2026-04-26,3,false
makayla31,Strategy,2026-01-05,7,true
smithelizabeth,Sandbox,2026-03-29,1,true
joshuawilliams,Horror,2026-02-19,6,false
sawyererin,Simulation,2026-03-07,6,true
lauraellison,MOBA,2026-03-03,8,true
ymiller,Simulation,2026-02-05,7,true
ssandoval,Metroidvania,2026-03-21,7,true
renee52,Platformer,2026-01-14,7,true
emccarthy,Horror,2026-04-27,1,true
jodi80,Metroidvania,2026-03-07,10,false
davidmolina,MOBA,2026-02-23,6,false
jonesmark,Platformer,2026-01-15,4,true
sgarcia,Horror,2026-02-23,8,false
susangoodman,Simulation,2026-02-27,3,false
caitlin62,Metroidvania,2026-02-21,6,false
lukepeterson,Horror,2026-02-03,7,false
qolson,Horror,2026-03-27,3,true
chelsey78,Simulation,2026-04-07,4,true
mjordan,Platformer,2026-04-18,7,false
hansenmichael,Metroidvania,2026-02-06,7,false
michelle48,Battle Royale,2026-03-28,4,true
bryanclark,Strategy,2026-04-01,2,false
kathy83,First-Person Shooter,2026-04-19,5,false
ronaldingram,Battle Royale,2026-04-22,7,false
davisjoshua,Horror,2026-04-02,10,false
rachelcollins,Strategy,2026-01-04,5,true
jonesmark,Horror,2026-02-23,3,true
ysmith,Platformer,2026-04-06,3,false
melissa41,First-Person Shooter,2026-01-20,3,true
margaretmiller,Action RPG,2026-01-11,9,false
annaryan,Simulation,2026-01-02,2,false
eddiepotter,Horror,2026-01-31,4,true
wgonzalez,Simulation,2026-04-09,3,false
xhansen,MOBA,2026-04-02,4,true
qcobb,Strategy,2026-03-13,3,false
michaelcruz,Metroidvania,2026-03-31,5,false
amy68,Simulation,2026-03-04,5,false
avilanathan,Action RPG,2026-04-22,7,true
rachel53,Metroidvania,2026-03-29,9,false
jimbernard,Battle Royale,2026-03-14,2,true
kellis,First-Person Shooter,2026-03-07,10,false
michaelcolleen,First-Person Shooter,2026-03-15,9,false
jody18,Strategy,2026-03-22,4,true
reedian,Simulation,2026-04-21,9,false
calebsmith,MOBA,2026-03-28,7,false
smartin,Platformer,2026-02-26,1,false
medinachristopher,Platformer,2026-02-23,1,true
vparker,Battle Royale,2026-02-15,3,false
nguyenrobert,Sandbox,2026-03-23,3,false
xmclaughlin,Sandbox,2026-03-21,4,true
theresa22,Action RPG,2026-01-06,1,false
caleb38,Simulation,2026-03-27,7,true
parkermaria,Action RPG,2026-02-06,4,true
whitestacy,Strategy,2026-02-15,8,true
johnsonchris,Simulation,2026-01-30,2,false
joseph73,Battle Royale,2026-02-23,8,true
mfuentes,Battle Royale,2026-03-15,10,true
ryan63,Action RPG,2026-03-26,2,true
sarahlloyd,MOBA,2026-01-31,6,false
stephanieweaver,Sandbox,2026-03-31,3,true
vcasey,Platformer,2026-01-06,10,true
javier92,Strategy,2026-01-09,6,true
ricardoruiz,Platformer,2026-02-23,7,true
michael11,MOBA,2026-01-27,4,false
twalker,Battle Royale,2026-01-16,2,false
aliciabruce,Metroidvania,2026-03-21,7,false
qmosley,Simulation,2026-03-09,3,true
finleyisaac,Strategy,2026-02-02,6,true
gvaughn,Platformer,2026-01-28,3,true
currytimothy,Simulation,2026-01-10,10,true
theresaschaefer,Action RPG,2026-03-14,6,true
simpsonmadison,MOBA,2026-01-01,1,false
fvaldez,Metroidvania,2026-04-17,6,true
virginiapark,Strategy,2026-01-15,7,false
ewhite,Horror,2026-03-15,5,true
ashannon,Horror,2026-03-17,9,true
deborahholmes,Metroidvania,2026-02-08,10,false
lvalentine,Platformer,2026-01-27,6,false
awagner,Sandbox,2026-03-22,10,false
webbangela,Strategy,2026-03-20,9,false
rramos,First-Person Shooter,2026-01-10,1,true
jenniferwoodard,Sandbox,2026-02-19,7,false
hestes,Platformer,2026-03-21,1,false
tarareynolds,Metroidvania,2026-03-24,8,true
randallsampson,Action RPG,2026-03-12,8,true
coxrobin,Metroidvania,2026-04-05,3,false
ashort,Metroidvania,2026-02-07,7,false
barrettkeith,Metroidvania,2026-02-02,5,true
iholloway,Action RPG,2026-01-10,9,false
campbellaaron,Horror,2026-03-26,3,false
faith62,Metroidvania,2026-02-27,8,true
kennethboyer,Action RPG,2026-01-01,2,true
christian13,MOBA,2026-03-03,8,false
adurham,Strategy,2026-03-01,2,false
thess,Metroidvania,2026-01-21,1,true
millsangela,Action RPG,2026-01-14,4,false
elaineromero,Simulation,2026-02-26,1,false
gonzalezscott,Horror,2026-01-27,6,false
fphillips,Action RPG,2026-04-03,9,false
stewartjade,Sandbox,2026-03-09,8,true
tmoreno,Platformer,2026-02-06,1,true
iholloway,First-Person Shooter,2026-04-12,9,false
nlopez,Platformer,2026-04-07,6,false
davidwilliams,Action RPG,2026-04-19,1,false
henryanna,Strategy,2026-02-07,6,false
imccann,Metroidvania,2026-04-12,10,false
travis48,Action RPG,2026-04-11,9,false
shamilton,MOBA,2026-02-06,1,true
hesterlaura,Strategy,2026-04-23,1,true
faith62,Platformer,2026-02-24,2,true
collierkevin,Metroidvania,2026-01-08,8,true
jasmine60,Sandbox,2026-02-01,4,true
rodriguezangela,Horror,2026-02-18,4,true
hannahhall,Horror,2026-02-28,5,false
robert81,First-Person Shooter,2026-04-25,6,false
mary04,Horror,2026-04-16,9,true
ideleon,MOBA,2026-04-22,7,false
riveralydia,Sandbox,2026-02-19,2,false
josephgallagher,Strategy,2026-01-26,4,true
reevesjennifer,Horror,2026-01-21,10,false
vargasmichael,Sandbox,2026-04-14,3,false
martineztammy,First-Person Shooter,2026-04-05,9,true
zwashington,Horror,2026-04-02,7,true
owalker,MOBA,2026-03-11,9,true
millerclaudia,Metroidvania,2026-04-04,8,true
dsanchez,Simulation,2026-01-05,2,true
brandon36,First-Person Shooter,2026-01-19,10,true
brittany51,Simulation,2026-04-12,8,true
michaelvincent,MOBA,2026-01-24,9,true
hfuller,MOBA,2026-04-23,5,false
ellistravis,Horror,2026-01-14,2,false
phyllis42,Metroidvania,2026-02-02,5,true
amanda93,Horror,2026-02-10,9,false
evanzavala,Metroidvania,2026-02-05,8,true
rogersanna,Platformer,2026-03-23,2,false
xtrujillo,Simulation,2026-03-14,10,true
jonmiller,Battle Royale,2026-01-11,6,false
gutierrezbrandy,Horror,2026-04-05,2,true
myerssamuel,Metroidvania,2026-04-03,2,false
morenosharon,MOBA,2026-03-31,6,true
mayjacqueline,Sandbox,2026-03-22,6,true
yolanda25,First-Person Shooter,2026-02-05,9,false
rstephens,Horror,2026-01-21,10,false
jeffrey68,Horror,2026-04-03,10,true
umoore,Simulation,2026-02-11,2,false
brittanyaguirre,Platformer,2026-03-30,7,true
gomezsamantha,Action RPG,2026-03-26,8,true
kristen82,Platformer,2026-01-26,5,true
carlymunoz,Simulation,2026-03-03,8,true
ethomas,Battle Royale,2026-01-27,5,false
carolynbutler,Metroidvania,2026-03-31,7,true
stephen04,First-Person Shooter,2026-03-11,9,false
catherine41,Simulation,2026-04-04,4,false
mooremelinda,Action RPG,2026-03-07,3,true
jack22,Sandbox,2026-04-06,3,true
richard39,Battle Royale,2026-04-10,2,false
